genus,age_category,n_samples,n_studies,mean_relabund,prevalence,median_of_study_means,n_studies_ge20
Bifidobacterium,neonate,8687,98,0.1768740862607956,0.4521699090595142,0.09585476666688919,47
Bifidobacterium,infant,30765,212,0.2794664204120636,0.8093287827076223,0.21665966510772705,142
Bifidobacterium,child,15151,165,0.06158965826034546,0.7493894792422943,0.03944278508424759,104
Bifidobacterium,adolescent,3065,93,0.05853317305445671,0.7517128874388255,0.032030459493398666,37
Bifidobacterium,adult,125958,871,0.028319789096713066,0.7312596262246146,0.020683638751506805,681
Bifidobacterium,elderly,19134,258,0.022828437387943268,0.677537368035957,0.01722702383995056,124
Bacteroides,neonate,8687,98,0.030390167608857155,0.22988373431564407,0.012434357777237892,47
Bacteroides,infant,30765,212,0.06415063142776489,0.5100276287989599,0.040509358048439026,142
Bacteroides,child,15151,165,0.11467482894659042,0.8497128902382681,0.07166194915771484,104
Bacteroides,adolescent,3065,93,0.09947995841503143,0.8907014681892332,0.06452145427465439,37
Bacteroides,adult,125958,871,0.08158806711435318,0.9233157084107401,0.07665638625621796,681
Bacteroides,elderly,19134,258,0.0714893490076065,0.9503501620152608,0.07643093168735504,124
Prevotella,neonate,8687,98,0.006321299821138382,0.06964429607459423,0.0001763608306646347,47
Prevotella,infant,30765,212,0.03519342839717865,0.22671867381764993,0.006132248789072037,142
Prevotella,child,15151,165,0.060806456953287125,0.4133060524057818,0.03579116612672806,104
Prevotella,adolescent,3065,93,0.07466867566108704,0.4629690048939641,0.04662572965025902,37
Prevotella,adult,125958,871,0.05686559900641441,0.474832880801537,0.0514027401804924,681
Prevotella,elderly,19134,258,0.050703588873147964,0.5186056234974391,0.03637458384037018,124
Escherichia,neonate,8687,98,0.12506207823753357,0.42995280303902383,0.13371063768863678,47
Escherichia,infant,30765,212,0.06205418333411217,0.6464163822525597,0.05868896096944809,142
Escherichia,child,15151,165,0.014826152473688126,0.48425846478780277,0.008574617095291615,104
Escherichia,adolescent,3065,93,0.008659400045871735,0.4756933115823817,0.005960571579635143,37
Escherichia,adult,125958,871,0.012568657286465168,0.38751012242175964,0.007224731147289276,681
Escherichia,elderly,19134,258,0.014753843657672405,0.4594961848019233,0.013340444304049015,124
Faecalibacterium,neonate,8687,98,0.0036982407327741385,0.07666628295153678,2.372992821619846e-05,47
Faecalibacterium,infant,30765,212,0.022210393100976944,0.33274825288477167,0.008858075365424156,142
Faecalibacterium,child,15151,165,0.05915356054902077,0.7598838360504258,0.05709368735551834,104
Faecalibacterium,adolescent,3065,93,0.07351967692375183,0.9256117455138663,0.06449899822473526,37
Faecalibacterium,adult,125958,871,0.060501113533973694,0.8820638625573604,0.05068638548254967,681
Faecalibacterium,elderly,19134,258,0.04484384506940842,0.8908226194209261,0.03939368575811386,124
