country,n_samples,n_studies,hdi,median_pb,mean_pb,median_of_study_medians,n_studies_ge20,band
AR,34,3,0.865,1.239473,0.89786595,1.7931699,1.0,high
AT,372,8,0.93,-3.1497476,-2.4602332,-3.6478424,5.0,high
AU,832,11,0.958,-2.7042692,-2.2684257,-2.8031156,11.0,high
BD,218,4,0.685,3.4694939,2.9737928,2.7943606,3.0,low
BE,710,7,0.951,-3.5397596,-2.37636,-1.3333066,7.0,high
BF,420,2,0.459,2.2096272,2.2042592,2.1959739,2.0,low
BG,110,2,0.845,-0.22362599,-0.7190313,-0.15247756,1.0,high
CA,4620,34,0.939,-3.0614886,-2.074564,-3.267436,22.0,high
CD,168,1,0.522,1.892171,1.8669878,1.892171,1.0,low
CH,383,8,0.97,-3.0026412,-2.2062812,-3.0026412,7.0,high
CM,409,3,0.588,1.7288195,1.5038898,2.018942,3.0,low
CN,17606,201,0.797,-2.3517873,-1.915433,-2.5270395,161.0,middle
CO,448,3,0.788,0.0,0.5845815,-0.010519981,2.0,middle
DE,3553,36,0.959,-2.950657,-2.1664917,-2.924787,32.0,high
DK,4638,30,0.962,-1.364452,-1.7195919,-0.805357,27.0,high
ES,3601,30,0.918,-0.40154254,-1.0593953,-0.4250967,21.0,high
ET,137,4,0.497,1.5843313,1.608775,1.9233403,2.0,low
FI,571,9,0.948,-3.156125,-2.4378986,-3.605208,3.0,high
FJ,171,2,0.731,2.5523028,2.7360384,2.785095,1.0,middle
FR,1394,18,0.92,-1.3383858,-1.7700733,-1.5982763,12.0,high
GB,15926,32,0.946,-3.506153,-2.2419083,-2.816785,25.0,high
GH,239,2,0.628,1.8474092,1.6354243,1.6770422,2.0,low
GW,269,1,0.514,1.9801669,1.7922422,1.9801669,1.0,low
HK,6999,26,0.955,-3.8148398,-2.917135,-3.6763344,23.0,high
HN,155,1,0.645,0.0,-0.20511842,0.0,1.0,low
HT,329,3,0.554,0.08400136,0.1887466,0.7529441,2.0,low
HU,317,5,0.87,-1.8001235,-1.8779689,-1.3798686,3.0,high
IE,2875,17,0.949,-2.3643963,-1.8044506,-3.4230819,15.0,high
IL,1510,10,0.919,-0.9543643,-1.5032946,-1.5096033,10.0,high
IN,910,17,0.685,0.0,0.28492504,0.32768977,13.0,low
IT,3132,37,0.915,-2.024074,-1.8304062,-1.9900938,27.0,high
JP,2280,28,0.925,-3.136427,-2.393712,-3.5773492,20.0,high
KE,233,2,0.628,1.5150394,1.2076231,1.4855217,1.0,low
KR,752,16,0.937,-0.6630527,-1.2896687,-0.74670726,11.0,high
KZ,106,3,0.837,-0.3503878,-0.96901774,-0.38763,3.0,high
LU,193,4,0.922,-1.1147327,-1.6081713,-2.2481136,2.0,high
MG,96,1,0.487,2.7262964,2.6421788,2.7262964,1.0,low
ML,231,3,0.419,1.107444,1.028231,1.0642655,3.0,low
MX,371,11,0.789,0.49024636,0.9862763,0.27791247,6.0,middle
MY,1179,6,0.819,0.2892425,-0.10228492,0.08301005,6.0,high
NE,602,1,0.419,2.143331,2.4242387,2.143331,1.0,low
NL,4017,27,0.955,-1.2684958,-1.5636772,-0.9919051,25.0,high
NO,640,6,0.97,-2.5695066,-2.4127374,-2.9091783,4.0,high
NZ,1379,9,0.938,-1.4211228,-1.737342,-2.4493167,9.0,high
PE,670,2,0.794,-2.6885238,-1.9319092,0.15907621,2.0,middle
PL,1573,8,0.906,-0.85522586,-1.344647,-0.84328175,8.0,high
RO,75,1,0.845,-0.3514874,-1.1180104,-0.3514874,1.0,high
RS,100,2,0.833,-2.2148204,-2.013661,-3.036454,2.0,high
RU,286,14,0.832,-0.5077921,-1.1426877,-1.1397946,5.0,high
SA,186,2,0.9,-1.358759,-1.6770049,-1.480932,2.0,high
SE,9803,23,0.959,-2.139127,-1.9486237,-1.9926084,16.0,high
SG,1321,5,0.946,-4.217002,-2.6739767,-4.0175886,5.0,high
TR,59,2,0.853,0.0,-1.3544937,0.0,1.0,high
TZ,583,4,0.555,1.9497749,1.5236899,2.2914398,3.0,low
UG,309,4,0.582,0.0,0.44467983,0.4550248,4.0,low
US,55376,272,0.938,-3.668386,-2.583642,-3.3656836,227.0,high
VE,177,2,0.709,2.110509,2.3845317,2.103526,1.0,middle
ZA,1004,3,0.741,0.7582996,0.45054102,0.796455,2.0,middle
ZW,68,1,0.598,1.489609,1.4234816,1.489609,1.0,low
