genus,n_low,n_high,median_low,median_high,effect,p,frac_low_studies_higher,prevalence,q,class
g__Alitiscatomonas,41,569,-5.0,-4.582523202725518,-0.4174767972744817,3.7473962568412782e-22,0.04830897166616657,0.2052357388989597,1.0605131406860817e-19,BloSSUM-like (high-HDI higher)
g__Acutalibacter,41,569,-5.0,-4.520123886542674,-0.47987611345732617,2.9418538278131806e-21,0.058060782716790264,0.1943690493688044,4.1627231663556505e-19,BloSSUM-like (high-HDI higher)
g__Clostridium_A,41,569,-5.0,-4.574814506074151,-0.4251854939258486,5.747132461291427e-21,0.061275665480732135,0.19575065732529845,5.421461621818246e-19,BloSSUM-like (high-HDI higher)
g__Fimivicinus,41,569,-5.0,-4.779636114007894,-0.2203638859921062,1.3013125899142817e-20,0.06605512452312573,0.08799176914408897,9.206786573643543e-19,BloSSUM-like (high-HDI higher)
g__Eisenbergiella,41,569,-5.0,-4.650097118075506,-0.3499028819244936,3.562266957335848e-20,0.07044879763384629,0.14857348161938824,2.01624309785209e-18,BloSSUM-like (high-HDI higher)
g__Ruthenibacterium,41,569,-4.889165375265935,-3.775806877541071,-1.1133584977248638,2.4488676440452378e-19,0.07994341806335463,0.42735779726618,1.1550492387746705e-17,BloSSUM-like (high-HDI higher)
g__Fimisoma,41,569,-5.0,-4.7411957614891485,-0.25880423851085155,3.8949858665040067e-19,0.0828153799991427,0.11945192951513073,1.574687143172334e-17,BloSSUM-like (high-HDI higher)
g__Frisingicoccus,41,569,-5.0,-4.854392083497265,-0.14560791650273508,7.145462969976942e-19,0.08697329504050752,0.08928845557134225,2.5277075256293433e-17,BloSSUM-like (high-HDI higher)
g__Scatomorpha,41,569,-5.0,-4.726628258575463,-0.2733717414245369,4.233382093922743e-18,0.09537485533027562,0.11932454722126958,1.3311634806445958e-16,BloSSUM-like (high-HDI higher)
g__Bacteroides,41,569,-3.1476485293552363,-1.5242573446707375,-1.6233911846844988,1.7582218561309715e-17,0.10246902996270736,0.8257900151878889,4.975767852850649e-16,BloSSUM-like (high-HDI higher)
g__Anaeromassilibacillus,41,569,-5.0,-4.824429278493585,-0.17557072150641506,2.603265270173635e-17,0.1059625358995242,0.09367497917789427,6.536655853951451e-16,BloSSUM-like (high-HDI higher)
g__Phascolarctobacterium,41,569,-4.899949895395877,-4.244791691008827,-0.6551582043870496,2.77172686386634e-17,0.10497663851858202,0.2896738686655888,6.536655853951451e-16,BloSSUM-like (high-HDI higher)
g__Adlercreutzia,41,569,-4.993180694347828,-4.334987598037245,-0.6581930963105824,3.934420033664267e-17,0.10703416348750482,0.3164012868877893,8.564929765592213e-16,BloSSUM-like (high-HDI higher)
g__Alistipes,41,569,-3.9902067549252407,-2.1894573657295275,-1.8007493891957131,5.057398692645283e-17,0.10823438638604312,0.6699786063070566,9.768573439549143e-16,BloSSUM-like (high-HDI higher)
g__Phocaeicola,41,569,-3.3985397065842173,-1.7930034405138893,-1.605536266070328,5.1776891022345287e-17,0.1083629816966008,0.7731778616105695,9.768573439549143e-16,BloSSUM-like (high-HDI higher)
g__Anaerotruncus,41,569,-5.0,-4.724713374857932,-0.27528662514206825,8.982206907956048e-17,0.11200651549573493,0.14160011758365587,1.588727846844726e-15,BloSSUM-like (high-HDI higher)
g__UBA10281,41,569,-4.15170890073309,-4.969168608650179,0.8174597079170889,1.000104995215874e-16,0.877320073727978,0.05690722322930446,1.6648806685064254e-15,VANISH-like (low-HDI higher)
g__Parasutterella,41,569,-4.938660836430717,-4.340095823075288,-0.5985650133554294,1.29341619168118e-16,0.11346392901538857,0.27545604494308623,2.0335376791431885e-15,BloSSUM-like (high-HDI higher)
g__Anaerotignum,41,569,-5.0,-4.845305033832612,-0.15469496616738798,1.8280434220343715e-16,0.11655021646877277,0.07899008704456748,2.7228225707143533e-15,BloSSUM-like (high-HDI higher)
g__Alloprevotella,41,569,-3.3015710393462414,-4.813864088006207,1.512293048659966,2.4376947705431056e-16,0.8825281838055639,0.10975127790570444,3.4493381003184944e-15,VANISH-like (low-HDI higher)
g__Monoglobus,41,569,-5.0,-4.852690702313347,-0.14730929768665302,2.5650808974377803e-16,0.11890779716233014,0.09538647461336208,3.4567518760709135e-15,BloSSUM-like (high-HDI higher)
g__Enterocloster,41,569,-4.5122049386609016,-3.058612051318583,-1.4535928873423187,3.1143534860086524e-16,0.11835055081658022,0.65505201443666,4.006191075183858e-15,BloSSUM-like (high-HDI higher)
g__Longicatena,41,569,-5.0,-4.913913462484646,-0.08608653751535389,3.636889863752061e-16,0.1224227356509066,0.05232472686296605,4.474955788877536e-15,BloSSUM-like (high-HDI higher)
g__Negativibacillus,41,569,-5.0,-4.4327005254681815,-0.5672994745318185,4.043431200907521e-16,0.11997942475031077,0.24109875393986901,4.767879291070118e-15,BloSSUM-like (high-HDI higher)
g__Prevotella,41,569,-1.3723510067238913,-3.530972404198437,2.158621397474546,7.511006749516461e-16,0.87665566462343,0.43190763150588735,8.502459640452633e-15,VANISH-like (low-HDI higher)
g__Sellimonas,41,569,-5.0,-4.756769508482132,-0.2432304915178678,8.857708819078646e-16,0.125166102276137,0.12701321183022227,9.641275368458679e-15,BloSSUM-like (high-HDI higher)
g__Flavonifractor,41,569,-4.919916334975031,-3.929254932645732,-0.9906614023292986,1.101679564359105e-15,0.12555188820781002,0.428830859177241,1.1547233952356545e-14,BloSSUM-like (high-HDI higher)
g__UMGS1975,41,569,-5.0,-4.826135576919371,-0.17386442308062922,1.1547560405909994e-15,0.1270307342792233,0.12093152385151797,1.1671284267401886e-14,BloSSUM-like (high-HDI higher)
g__Intestinimonas,41,569,-4.972633581597611,-4.630639051446314,-0.34199453015129677,1.7032881804649819e-15,0.1282523897295212,0.17242989891071808,1.6621743278330686e-14,BloSSUM-like (high-HDI higher)
g__Senimuribacter,41,569,-5.0,-4.920554651511808,-0.07944534848819185,1.8958020211951217e-15,0.13249603497792448,0.05562360165270361,1.7883732399940648e-14,BloSSUM-like (high-HDI higher)
g__Pullichristensenella,41,569,-5.0,-4.838302978201946,-0.16169702179805423,3.111284562488568e-15,0.1330961464271936,0.10574036875540967,2.8403017134976285e-14,BloSSUM-like (high-HDI higher)
g__Merdibacter,41,569,-5.0,-4.844979601471196,-0.15502039852880412,5.71196012122411e-15,0.13656821981225084,0.09300540558195744,5.0515147322075725e-14,BloSSUM-like (high-HDI higher)
g__Clostridium_AP,41,569,-5.0,-4.834270867728573,-0.16572913227142738,1.3429880883147364e-14,0.14081186506065413,0.09798311368053174,1.1517140272517284e-13,BloSSUM-like (high-HDI higher)
g__Akkermansia,41,569,-4.635930718762745,-3.8038881220510814,-0.832042596711664,1.7117037049496993e-14,0.14162630202751939,0.35602697891659724,1.424741613237544e-13,BloSSUM-like (high-HDI higher)
g__Hominilimicola,41,569,-4.799614952619937,-3.7965585771515857,-1.003056375468351,1.7850913855134688e-14,0.14188349264863476,0.46151911550961083,1.4433738917151762e-13,BloSSUM-like (high-HDI higher)
g__Avimicrobium,41,569,-5.0,-4.62491389105414,-0.3750861089458599,4.005083566801453e-14,0.14719876548501865,0.21595544885927523,3.1484406927911425e-13,BloSSUM-like (high-HDI higher)
g__Barnesiella,41,569,-4.8440764558789775,-4.038690537944949,-0.8053859179340286,6.287293710550719e-14,0.1495134810750568,0.33217382783793054,4.80893005428609e-13,BloSSUM-like (high-HDI higher)
g__UMGS1623,41,569,-5.0,-4.8663559965739855,-0.13364400342601446,9.365369861939716e-14,0.15388572163401776,0.08190354874005847,6.974735976128788e-13,BloSSUM-like (high-HDI higher)
g__CAG-314,41,569,-5.0,-4.888554329480792,-0.11144567051920795,1.2804781926043168e-13,0.15778644605426723,0.07017457906684305,9.291675089923632e-13,BloSSUM-like (high-HDI higher)
g__Egerieisoma,41,569,-5.0,-4.945495435016827,-0.0545045649831728,1.6095288444040875e-13,0.16089416605941104,0.040651282805023434,1.1387416574158919e-12,BloSSUM-like (high-HDI higher)
g__Avimonas_A,41,569,-5.0,-4.947238249162904,-0.05276175083709589,2.1993655827457004e-13,0.16421621158215097,0.048888671141378015,1.518098682724471e-12,BloSSUM-like (high-HDI higher)
g__Woodwardiibium,41,569,-5.0,-4.898007922491868,-0.10199207750813244,2.51145458591156e-13,0.16130138454284368,0.0704554733558702,1.692242018602313e-12,BloSSUM-like (high-HDI higher)
g__Alistipes_A,41,569,-4.845152402417185,-4.130802425411363,-0.7143499770058215,2.890256324612457e-13,0.15898666895280553,0.3337318112782323,1.902191953175175e-12,BloSSUM-like (high-HDI higher)
g__Bilophila,41,569,-4.744223354493185,-3.84900762878663,-0.8952157257065547,3.4723499405022666e-13,0.1601440267478246,0.4352685643362239,2.233352348095776e-12,BloSSUM-like (high-HDI higher)
g__CAG-488,41,569,-4.5548108742380355,-4.962117913362958,0.4073070391249223,4.242468124007396e-13,0.8296540786145998,0.04585435957735208,2.66804106465354e-12,VANISH-like (low-HDI higher)
g__UMGS1071,41,569,-4.956433883381615,-4.487157442497578,-0.46927644088403664,4.816510006316169e-13,0.16230871447554546,0.2876880113664201,2.963200721277121e-12,BloSSUM-like (high-HDI higher)
g__Coprobacter,41,569,-5.0,-4.797903562678942,-0.20209643732105764,5.604745161281688e-13,0.16434480689270864,0.12907745823330558,3.3747720864738673e-12,BloSSUM-like (high-HDI higher)
g__Alangreenwoodia,41,569,-5.0,-4.878561534914428,-0.12143846508557221,5.869036392922232e-13,0.16710960606969866,0.11162281776166447,3.4602860399937328e-12,BloSSUM-like (high-HDI higher)
g__Catenibacterium,41,569,-3.7920138552663234,-4.7618958541259975,0.9698819988596741,8.313510161755951e-13,0.8340048866218012,0.10914049613770353,4.705798019374137e-12,VANISH-like (low-HDI higher)
g__Lawsonibacter_A,41,569,-5.0,-4.927179091250878,-0.07282090874912228,8.314130776279395e-13,0.1695743495220541,0.049002988584586744,4.705798019374137e-12,BloSSUM-like (high-HDI higher)
g__CAG-274,41,569,-5.0,-4.794483652455375,-0.20551634754462533,9.325212932882574e-13,0.16698101075914099,0.1186353763493541,5.174578941187781e-12,BloSSUM-like (high-HDI higher)
g__Otoolea,41,569,-4.634474924396269,-3.4794617124749028,-1.155013211921366,1.0502379082280802e-12,0.1671739037249775,0.5587314030016495,5.7157178467028215e-12,BloSSUM-like (high-HDI higher)
g__Hominibacterium,41,569,-5.0,-4.931555216544495,-0.06844478345550531,2.1937692911953274e-12,0.17686141712032236,0.06434765567586105,1.1713900177514674e-11,BloSSUM-like (high-HDI higher)
g__Holdemania,41,569,-4.995323216626852,-4.775826984554644,-0.21949623207220803,2.809911744458554e-12,0.1743752411162073,0.14230235330622376,1.472601895706983e-11,BloSSUM-like (high-HDI higher)
g__UBA3818,41,569,-5.0,-4.770786146555537,-0.2292138534444632,2.9631901583541693e-12,0.17553259891122638,0.1385854032956086,1.5246960269349632e-11,BloSSUM-like (high-HDI higher)
g__Tidjanibacter,41,569,-5.0,-4.806455517814609,-0.19354448218539133,3.189416885894775e-12,0.17548973380770713,0.09900217203142096,1.6117946048361094e-11,BloSSUM-like (high-HDI higher)
g__Cryptobacteroides,41,569,-3.990144053396989,-4.839701499430636,0.8495574460336472,4.087257960690607e-12,0.8228813922585623,0.08978165368347132,2.02928772434288e-11,VANISH-like (low-HDI higher)
g__Pelethomonas,41,569,-5.0,-4.938770829724557,-0.06122917027544261,5.307627628731366e-12,0.18290539671653308,0.06390345075367858,2.5897562395361663e-11,BloSSUM-like (high-HDI higher)
g__Parabacteroides,41,569,-3.852165936319109,-2.5874613916003466,-1.2647045447187626,5.827721529920306e-12,0.17838312829525482,0.694586252510901,2.766645134958646e-11,BloSSUM-like (high-HDI higher)
g__Bulleidia,41,569,-4.492519782032274,-4.9395149368138505,0.44699515478157625,5.865678731361087e-12,0.8188735050795147,0.06935149347574021,2.766645134958646e-11,VANISH-like (low-HDI higher)
g__CAKTXU01,41,569,-5.0,-4.903520453577296,-0.09647954642270395,6.095100981266e-12,0.18187663423207168,0.07864386850227818,2.827727176554554e-11,BloSSUM-like (high-HDI higher)
g__Caccoplasma,41,569,-5.0,-4.909200379780819,-0.09079962021918142,1.5656588556670967e-11,0.18959235286553217,0.07059592050038378,7.146475099254651e-11,BloSSUM-like (high-HDI higher)
g__Acidaminococcus,41,569,-4.979152943429523,-4.694585096213442,-0.2845678472160813,2.171489823942183e-11,0.18740623258605169,0.10367612235232636,9.75447016151806e-11,BloSSUM-like (high-HDI higher)
g__Hominenteromicrobium,41,569,-4.682945536116146,-3.8399100435385827,-0.8430354925775636,2.3632264181636644e-11,0.18783488362124395,0.41248346479839304,1.0449891817817453e-10,BloSSUM-like (high-HDI higher)
g__Pseudoflavonifractor,41,569,-5.0,-4.944588270770702,-0.05541172922929771,2.4019051647465562e-11,0.19190706845557032,0.04132412261362337,1.0457525563435006e-10,BloSSUM-like (high-HDI higher)
g__Pseudoscillospira,41,569,-5.0,-4.827047163353727,-0.1729528366462727,2.754409242916257e-11,0.18997813879720518,0.15259745562033544,1.1810572965837888e-10,BloSSUM-like (high-HDI higher)
g__Faecalicatena,41,569,-5.0,-4.944790030416317,-0.05520996958368318,2.955734366493715e-11,0.19447897466672381,0.04894746296931393,1.2484669040563007e-10,BloSSUM-like (high-HDI higher)
g__Scatacola_A,41,569,-5.0,-4.879776891151464,-0.12022310884853571,3.0782568719022235e-11,0.19278580307771442,0.06613754021524341,1.281098080512249e-10,BloSSUM-like (high-HDI higher)
g__UMGS856,41,569,-5.0,-4.847404427017563,-0.1525955729824373,3.403172675616313e-11,0.19190706845557032,0.09899563960609475,1.3957940104339372e-10,BloSSUM-like (high-HDI higher)
g__Paraprevotella,41,569,-4.909827043217923,-4.510037922097573,-0.39978912112035037,3.487310700707382e-11,0.19057825024647435,0.18306468734179282,1.4098698975716986e-10,BloSSUM-like (high-HDI higher)
g__Pygmaiobacter,41,569,-5.0,-4.961712419152992,-0.03828758084700823,3.765195524683185e-11,0.19816537356937716,0.04124899972237192,1.5007751175849878e-10,BloSSUM-like (high-HDI higher)
g__Limisoma,41,569,-4.031697562747027,-4.825528446304824,0.7938308835577965,7.200117534324124e-11,0.8037206909854687,0.09173811506867212,2.8300461975190657e-10,VANISH-like (low-HDI higher)
g__Pseudobutyricicoccus,41,569,-5.0,-4.87566503015208,-0.12433496984792036,8.20525089809311e-11,0.19850829439753098,0.09078764718370813,3.180939731726507e-10,BloSSUM-like (high-HDI higher)
g__Maccoyibacter,41,569,-4.972447982478766,-4.553877194165937,-0.4185707883128291,9.919030684512895e-11,0.19792961550002144,0.24225825943527182,3.7933590320502015e-10,BloSSUM-like (high-HDI higher)
g__Lawsonibacter,41,569,-4.294670913183643,-3.2621280830813957,-1.0325428301022477,1.964270800737307e-10,0.2026662094388958,0.576231770450574,7.411848488115438e-10,BloSSUM-like (high-HDI higher)
g__Faecalimonas,41,569,-4.913828698586045,-4.617639583022158,-0.2961891155638865,2.343003003459084e-10,0.20395216254447254,0.1909983179004785,8.724603289196328e-10,BloSSUM-like (high-HDI higher)
g__CAG-267,41,569,-5.0,-4.924831745428289,-0.07516825457171095,2.6170933512787163e-10,0.2107248489005101,0.05058710172619339,9.618667771582814e-10,BloSSUM-like (high-HDI higher)
g__Lacticaseibacillus,41,569,-5.0,-4.934939125834078,-0.06506087416592177,3.3310937625790184e-10,0.20961035620901025,0.06945927849362273,1.2085891471921309e-09,BloSSUM-like (high-HDI higher)
g__Eshraghiella,41,569,-4.434323038911261,-4.898692624340711,0.4643695854294503,3.7668839082421965e-10,0.7889750953748553,0.06997860630705666,1.349402716496888e-09,VANISH-like (low-HDI higher)
g__Fusicatenibacter,41,569,-4.259740657729657,-2.7837376338869304,-1.4760030238427269,3.886318734510579e-10,0.20759569634360667,0.6172031420965819,1.3615992325804602e-09,BloSSUM-like (high-HDI higher)
g__Eggerthella,41,569,-4.934631714092117,-4.472437526857784,-0.46219418723433314,3.8971568140995506e-10,0.20768142655064512,0.2847549523949504,1.3615992325804602e-09,BloSSUM-like (high-HDI higher)
g__Merdicola,41,569,-4.996684991362631,-4.814821775184311,-0.18186321617832046,3.9774326846081303e-10,0.20879591924214497,0.09188836085117502,1.3726993289562204e-09,BloSSUM-like (high-HDI higher)
g__Porcipelethomonas,41,569,-4.966353666065505,-4.7507523162657295,-0.2156013497997753,4.138643668820359e-10,0.2083244031034335,0.10527003413192233,1.411127901537544e-09,BloSSUM-like (high-HDI higher)
g__Gordonibacter,41,569,-5.0,-4.803859503384965,-0.19614049661503508,4.833140213290864e-10,0.21029619786531784,0.15286201884604705,1.6283079528110886e-09,BloSSUM-like (high-HDI higher)
g__Hominimerdicola,41,569,-4.5378118366205955,-3.804066318905595,-0.7337455177150005,5.1148902116428e-10,0.20961035620901025,0.36331716558065097,1.70295756458225e-09,BloSSUM-like (high-HDI higher)
g__Anaerostipes,41,569,-4.1524183526866825,-2.8516387739885056,-1.3007795786981768,5.620907348415547e-10,0.21029619786531784,0.6460176702105074,1.8496706739553487e-09,BloSSUM-like (high-HDI higher)
g__Borkfalkia,41,569,-5.0,-4.8966208935784215,-0.10337910642157855,6.549638079142726e-10,0.21393973166445196,0.09103914555876733,2.1305144556291854e-09,BloSSUM-like (high-HDI higher)
g__Eubacterium_U,41,569,-5.0,-4.860470918807319,-0.1395290811926806,6.65776282155674e-10,0.21325389000814438,0.10065160942628974,2.141075998296088e-09,BloSSUM-like (high-HDI higher)
g__Onthocola_B,41,569,-4.63139875339693,-4.915486266135633,0.2840875127387035,9.309779249709672e-10,0.7832311715032791,0.060235493933009976,2.9603005928852103e-09,VANISH-like (low-HDI higher)
g__UBA1685,41,569,-5.0,-4.952180018782408,-0.04781998121759212,9.575346296122449e-10,0.22092674353808564,0.04006989695099048,3.010914446447392e-09,BloSSUM-like (high-HDI higher)
g__Clostridium_AQ,41,569,-4.972714838819249,-4.756277889464224,-0.21643694935502467,1.0979639901809497e-09,0.21548287539114408,0.1722012640243006,3.414547354079217e-09,BloSSUM-like (high-HDI higher)
g__Mediterraneibacter,41,569,-2.9409032917907854,-2.345659463424593,-0.5952438283661925,1.4798240284146386e-09,0.21749753525654764,0.7738800973331373,4.552067391753725e-09,BloSSUM-like (high-HDI higher)
g__Stercorousia,41,569,-4.660331088289081,-4.926874219194421,0.26654313090533943,1.8945932639305375e-09,0.7780444939774529,0.060006859046592524,5.765267674111205e-09,VANISH-like (low-HDI higher)
g__Eubacterium_G,41,569,-4.759652359825749,-4.044027749140611,-0.715624610685138,2.497105228966782e-09,0.22148398988383558,0.3881991736481962,7.517880636144673e-09,BloSSUM-like (high-HDI higher)
g__CAG-433,41,569,-4.65576835885872,-4.95114692143213,0.29537856257341044,2.6154147449538596e-09,0.7734579279008958,0.05851746607221596,7.791182871809918e-09,VANISH-like (low-HDI higher)
g__Ligilactobacillus,41,569,-4.516212909169435,-4.874188598947177,0.3579756897777422,2.858595947862358e-09,0.776994298941232,0.08710989172505022,8.426902637969243e-09,VANISH-like (low-HDI higher)
g__Holdemanella,41,569,-3.4966717065693107,-4.427381764554967,0.9307100579856566,3.0242561320536727e-09,0.7770585965965108,0.2121111165547989,8.823345210012262e-09,VANISH-like (low-HDI higher)
g__Ruminococcus,41,569,-4.776419089363684,-4.972469773176367,0.19605068381268254,5.756060949787482e-09,0.7641990655407432,0.046171182205673414,1.6622094375406708e-08,VANISH-like (low-HDI higher)
g__Scatocola,41,569,-5.0,-4.87312411456763,-0.12687588543237016,1.0029207686298418e-08,0.23382913969737237,0.07044240850521777,2.8669351264873257e-08,BloSSUM-like (high-HDI higher)
g__QAMH01,41,569,-5.0,-4.926721289899584,-0.07327871010041598,1.0581843519117212e-08,0.2359295297698144,0.07076576355886532,2.994661715910171e-08,BloSSUM-like (high-HDI higher)
g__Christensenella,41,569,-5.0,-4.951616533620639,-0.048383466379361195,1.1508398648583625e-08,0.2379656221869776,0.045965410807897705,3.224630512424917e-08,BloSSUM-like (high-HDI higher)
g__Paratractidigestivibacter,41,569,-4.659453103790959,-4.927166067852072,0.2677129640611131,1.205400699998584e-08,0.7639847400231472,0.0661277415772541,3.3443960597999926e-08,VANISH-like (low-HDI higher)
g__UBA7185,41,569,-5.0,-4.965443889947011,-0.0345561100529892,1.2690279883879982e-08,0.2409018817780445,0.04313360442898437,3.486746803046636e-08,BloSSUM-like (high-HDI higher)
g__Odoribacter,41,569,-4.676759832327309,-3.8804604500907196,-0.7962993822365894,1.627314694607451e-08,0.23614385528741053,0.4233370894778959,4.4281736401337373e-08,BloSSUM-like (high-HDI higher)
g__Hungatella,41,569,-4.965474889162075,-4.8142717192025195,-0.15120316995955552,3.513277388135961e-08,0.24265935102233271,0.1280355363937746,9.469119055642637e-08,BloSSUM-like (high-HDI higher)
g__Dorea_D,41,569,-4.885070953975976,-4.4923071195064175,-0.39276383446955876,4.388986903526206e-08,0.24426679240430366,0.22953962732513514,1.1717766921678455e-07,BloSSUM-like (high-HDI higher)
g__Fusicatenibacter_A,41,569,-5.0,-4.923294633434923,-0.07670536656507743,6.754169806756164e-08,0.25264692014231216,0.042019825910865054,1.786383229263546e-07,BloSSUM-like (high-HDI higher)
g__QANA01,41,569,-4.98714999521867,-4.838157317556276,-0.14899267766239355,7.360870617507734e-08,0.2494963350336491,0.11447748762921954,1.9288207266247118e-07,BloSSUM-like (high-HDI higher)
g__Mesosutterella,41,569,-5.0,-4.909207419946637,-0.0907925800533631,9.7529049148126e-08,0.25292554331518713,0.06748321983244329,2.5321762301761156e-07,BloSSUM-like (high-HDI higher)
g__Paludihabitans,41,569,-5.0,-4.963161449946248,-0.03683855005375225,1.2396647802973623e-07,0.2580479231857345,0.03986412555321477,3.1893193893104866e-07,BloSSUM-like (high-HDI higher)
g__Butyricimonas,41,569,-4.825854326409232,-4.343371776057611,-0.48248255035162035,1.266590862757595e-07,0.25316130138454285,0.28979145232146064,3.229236163607202e-07,BloSSUM-like (high-HDI higher)
g__Thomasclavelia,41,569,-4.891358980972042,-4.49303224457751,-0.398326736394532,2.3267854332249908e-07,0.2584122765656479,0.2516420884163768,5.879288192881003e-07,BloSSUM-like (high-HDI higher)
g__Enterenecus,41,569,-4.967823263965372,-4.802046569864644,-0.16577669410072815,3.1474988753935103e-07,0.26154142912255135,0.1524766057518005,7.882674174658083e-07,BloSSUM-like (high-HDI higher)
g__SFJ001,41,569,-4.786334902328801,-4.963816060940786,0.1774811586119851,7.785494589583868e-07,0.725941960649835,0.05076021099733804,1.932714884958101e-06,VANISH-like (low-HDI higher)
g__Blautia,41,569,-4.805810981139806,-4.349372039008576,-0.45643894213123026,1.3337979739824729e-06,0.27412233700544386,0.2956543040517368,3.2823028403220856e-06,BloSSUM-like (high-HDI higher)
g__Hominisplanchenecus,41,569,-4.753803330976943,-4.234074781754587,-0.5197285492223562,1.4145906831106265e-06,0.2746795833511938,0.3155128770434243,3.451113476899201e-06,BloSSUM-like (high-HDI higher)
g__Limivicinus,41,569,-4.357815273534869,-4.772620445779818,0.4148051722449493,1.4961613361527752e-06,0.7243345192678641,0.13832737249522317,3.6189201549678235e-06,VANISH-like (low-HDI higher)
g__Eubacterium_R,41,569,-3.5876531441659716,-4.188791924134567,0.6011387799685957,1.7057884516221177e-06,0.7235843799562776,0.2860810347361717,4.091001117025926e-06,VANISH-like (low-HDI higher)
g__QAKD01,41,569,-5.0,-4.9669527455199125,-0.033047254480087496,2.1273921532314488e-06,0.2847528826782117,0.04331324612545523,5.059260330794118e-06,BloSSUM-like (high-HDI higher)
g__Suilimivivens,41,569,-4.461430517161287,-4.780153759048107,0.3187232418868202,2.9828007132077217e-06,0.7179476188434996,0.14524847712834582,7.03443834864821e-06,VANISH-like (low-HDI higher)
g__UBA737,41,569,-4.513254088925858,-4.808779097289766,0.29552500836390827,3.2382366666217247e-06,0.7168759912555189,0.12930609311972302,7.5371768859929e-06,VANISH-like (low-HDI higher)
g__CAJFUR01,41,569,-5.0,-4.933085264665725,-0.06691473533427494,3.2492423324775046e-06,0.2858459428179519,0.07306517727369229,7.5371768859929e-06,BloSSUM-like (high-HDI higher)
g__Evtepia,41,569,-4.5751746381773,-3.763418769371434,-0.8117558688058661,3.6895104449300432e-06,0.2837669852972695,0.4843401433867359,8.488873625326848e-06,BloSSUM-like (high-HDI higher)
g__Hominifimenecus,41,569,-5.0,-4.961687654759494,-0.03831234524050586,3.890487142406342e-06,0.2911183505508166,0.079558408047948,8.879095655653184e-06,BloSSUM-like (high-HDI higher)
g__UMGS902,41,569,-4.850916075757718,-4.971449989770719,0.12053391401300129,5.002970132459594e-06,0.7067598268249817,0.041980631358907776,1.1326724379888522e-05,VANISH-like (low-HDI higher)
g__Enterobacter,41,569,-4.681960063674449,-4.900942140963305,0.21898207728885577,5.045164109392157e-06,0.7127609413176733,0.11097937386703248,1.1331598753634766e-05,VANISH-like (low-HDI higher)
g__UMGS1865,41,569,-4.898300595554938,-4.990040828612805,0.09174023305786694,6.832172952853782e-06,0.7001157357795019,0.041471102183463164,1.5224448391004885e-05,VANISH-like (low-HDI higher)
g__Scatomonas,41,569,-5.0,-4.951899223052606,-0.04810077694739423,1.0156790375147645e-05,0.2982125251832483,0.05423546127088335,2.2456028720052994e-05,BloSSUM-like (high-HDI higher)
g__Huintestinicola,41,569,-4.777809473227049,-4.9436847111532405,0.1658752379261914,1.201359397125672e-05,0.7005443868146941,0.05123381183348848,2.63554038284159e-05,VANISH-like (low-HDI higher)
g__CAMEON01,41,569,-4.753774094004264,-4.947613156963527,0.19383906295926323,1.5207348098438258e-05,0.6977581550859445,0.059820684924795454,3.310522701429251e-05,VANISH-like (low-HDI higher)
g__SFMI01,41,569,-4.79566987649376,-4.962539228828951,0.1668693523351905,1.5904953930936666e-05,0.6964507694286082,0.05527085068508811,3.435955696530592e-05,VANISH-like (low-HDI higher)
g__Mailhella,41,569,-4.9893022402892235,-4.88207077615398,-0.10723146413524365,1.629921467270675e-05,0.3001414548416134,0.08453284993385919,3.494452842709099e-05,BloSSUM-like (high-HDI higher)
g__Gallintestinimicrobium,41,569,-4.617773817910412,-4.027648906503486,-0.5901249114069262,1.7418943150827407e-05,0.29930558532298857,0.36873907860140775,3.706436775702373e-05,BloSSUM-like (high-HDI higher)
g__Butyribacter,41,569,-4.797991288953236,-4.261587030682613,-0.5364042582706228,2.125624730711205e-05,0.30138454284367094,0.3290774582333056,4.477668674727337e-05,BloSSUM-like (high-HDI higher)
g__Eubacterium_I,41,569,-4.747804831939205,-4.218033548521769,-0.5297712834174364,2.1359903572020865e-05,0.3014274079471902,0.36064213740956674,4.477668674727337e-05,BloSSUM-like (high-HDI higher)
g__CAG-492,41,569,-4.707690563472618,-4.910477289329195,0.2027867258565763,2.188752412275616e-05,0.6968151228085215,0.06845001878072281,4.5545362696617604e-05,VANISH-like (low-HDI higher)
g__Merdimorpha,41,569,-5.0,-4.942040593035657,-0.05795940696434343,2.2969206946345382e-05,0.30597110892022805,0.04929041529894011,4.744733989646528e-05,BloSSUM-like (high-HDI higher)
g__Blautia_A,41,569,-2.3706493871448395,-1.8181841877423428,-0.5524651994024967,2.324396508651322e-05,0.3023061425693343,0.7915437754152173,4.766697188031334e-05,BloSSUM-like (high-HDI higher)
g__UMGS973,41,569,-4.853100316451604,-4.963882777525463,0.11078246107385858,3.518968195065726e-05,0.6890136739680226,0.04580863260006859,7.164517979882017e-05,VANISH-like (low-HDI higher)
g__CAG-349,41,569,-4.764183951392302,-4.918413832275997,0.15422988088369483,3.9887885490263856e-05,0.6897423807278494,0.053650809204187286,8.063051138389051e-05,VANISH-like (low-HDI higher)
g__UBA6398,41,569,-4.748581182333559,-4.921346211627106,0.1727650292935472,4.8443921868501644e-05,0.6882421021046766,0.05261868600264563,9.72314176509643e-05,VANISH-like (low-HDI higher)
g__CAG-628,41,569,-4.85236207028591,-4.971204847777367,0.11884277749145689,5.436834755338531e-05,0.681640876162716,0.03987065797854098,0.00010835381941977494,VANISH-like (low-HDI higher)
g__Oscillibacter,41,569,-3.616151543054929,-2.78974800906196,-0.826403533992969,5.6258438861441656e-05,0.31180076299884263,0.6427971845246844,0.00011133663075376216,BloSSUM-like (high-HDI higher)
g__Escherichia,41,569,-3.6082058617210686,-3.9664936689316153,0.35828780721054665,6.034300737476097e-05,0.6874276651378113,0.46619959825584245,0.00011859077143789832,VANISH-like (low-HDI higher)
g__Duodenibacillus,41,569,-4.352050044443185,-4.726869791027174,0.37481974658398887,8.394981911789827e-05,0.6835698058210811,0.12842094948802116,0.00016384688834734628,VANISH-like (low-HDI higher)
g__Anaerobutyricum,41,569,-3.85819264611605,-3.1100721730257725,-0.7481204730902773,0.00011462172384849071,0.3197736722534185,0.5726095406071889,0.00022217772499399227,BloSSUM-like (high-HDI higher)
g__Anaerotignum_A,41,569,-4.762723349492735,-4.465563782918613,-0.29715956657412157,0.00012116674279443879,0.3204595139097261,0.25469599725638137,0.00023326658646820528,BloSSUM-like (high-HDI higher)
g__Metalachnospira,41,569,-4.933920522036528,-4.819425336607749,-0.11449518542877968,0.0001459442484791184,0.32281709460328345,0.13127235314291313,0.00027741621172795554,BloSSUM-like (high-HDI higher)
g__Bifidobacterium,41,569,-3.128276249967884,-2.5176128044080284,-0.6106634455598554,0.0001460601256094183,0.3225599039821681,0.7296882400013065,0.00027741621172795554,BloSSUM-like (high-HDI higher)
g__Eubacterium_F,41,569,-4.624087400780665,-4.070236869050079,-0.5538505317305855,0.00016453860582461323,0.32395301984654296,0.33753041660542515,0.00031042950298910363,BloSSUM-like (high-HDI higher)
g__ECMA0423,41,569,-4.629938422335064,-4.778530694491605,0.1485922721565407,0.0001884820151185192,0.6743538085644477,0.20440285466986755,0.0003532477501890128,VANISH-like (low-HDI higher)
g__Faecousia,41,569,-3.669410409788217,-4.177678237958236,0.5082678281700184,0.00019009325500033724,0.6743538085644477,0.3421325102477422,0.00035380537079094813,VANISH-like (low-HDI higher)
g__Apopatocola,41,569,-4.421469112399142,-4.708082164131198,0.286613051732056,0.0001912799354452829,0.6740108877362939,0.15256805970636747,0.00035380537079094813,VANISH-like (low-HDI higher)
g__Klebsiella,41,569,-4.473184538622842,-4.761247909633946,0.2880633710111038,0.00024205772057592676,0.6713961164216211,0.21299952639916386,0.00044482035664277446,VANISH-like (low-HDI higher)
g__Dialister,41,569,-3.1610413518520044,-3.6544631824549656,0.4934218306029612,0.00027768564501263093,0.669852972694929,0.3801904201982591,0.000507000242184352,VANISH-like (low-HDI higher)
g__Claveliimonas,41,569,-4.841452430596237,-4.499574862582877,-0.3418775680133601,0.0003173436848163851,0.3317973337905611,0.2850031845573465,0.0005756939923271602,BloSSUM-like (high-HDI higher)
g__JAFUYI01,41,569,-5.0,-4.927537638699749,-0.07246236130025085,0.0003307217142963501,0.33477645848514725,0.06225074714614669,0.0005961416888271789,BloSSUM-like (high-HDI higher)
g__CAG-882,41,569,-4.817630380394022,-4.92765194186796,0.11002156147393727,0.0003638214756736086,0.6645591324103047,0.06787189913935296,0.0006516549216179192,VANISH-like (low-HDI higher)
g__Butyricicoccus_A,41,569,-4.880304745105088,-4.9585173013472,0.07821255624211254,0.0007397120460300514,0.6551502421878349,0.05050218019695262,0.0013165943963931103,VANISH-like (low-HDI higher)
g__Faecalibacillus,41,569,-4.343358797899689,-3.9786794356821593,-0.3646793622175295,0.0008891121795376104,0.34472116250160745,0.4088057093397351,0.0015726171675571484,BloSSUM-like (high-HDI higher)
g__Fimenecus,41,569,-4.1031851766097125,-4.39803942092384,0.2948542443141271,0.0009189523978336967,0.6548501864632003,0.18905492136593013,0.0016153014197946346,VANISH-like (low-HDI higher)
g__SVMC01,41,569,-5.0,-4.932625218931703,-0.0673747810682972,0.000978471870482304,0.34905053795704916,0.08481047801022325,0.001709305798435136,BloSSUM-like (high-HDI higher)
g__COE1,41,569,-4.785140124779612,-4.874953133436661,0.08981300865704966,0.0011874693822490905,0.65099232714647,0.09395260725425833,0.00206167997040793,VANISH-like (low-HDI higher)
g__Agathobaculum,41,569,-3.9990560334186553,-3.318743910888114,-0.6803121225305415,0.0012350856239436794,0.34905053795704916,0.5921120964185979,0.0021312758022930564,BloSSUM-like (high-HDI higher)
g__Limivivens,41,569,-4.791938063229891,-4.502415375019397,-0.28952268821049376,0.0016741713108141677,0.35320845299841397,0.31422272304149723,0.002871457460366118,BloSSUM-like (high-HDI higher)
g__Anthropogastromicrobium,41,569,-4.510530309544806,-3.934623473467517,-0.575906836077289,0.001716667962348616,0.35350850872304856,0.4345989907402871,0.0029266086346063755,BloSSUM-like (high-HDI higher)
g__Anaerotardibacter,41,569,-4.629762570991551,-4.290996177570966,-0.33876639342058557,0.0022378554845119024,0.35719490762570194,0.3316087730472131,0.0037922940246519067,BloSSUM-like (high-HDI higher)
g__UMGS1696,41,569,-4.783974102523423,-4.936224297721183,0.15225019519775973,0.0023406467081505734,0.6406189720948177,0.0893701108879199,0.003942875109563169,VANISH-like (low-HDI higher)
g__Angelakisella,41,569,-4.281764067185547,-4.607256920244349,0.32549285305880193,0.0028529808958051724,0.6392472887822024,0.18735322456845166,0.004777476884691502,VANISH-like (low-HDI higher)
g__Phascolarctobacterium_A,41,569,-4.50194350168645,-4.6825583739892815,0.18061487230283113,0.002937973985020595,0.6389043679540486,0.12343017653879444,0.0048908625750636965,VANISH-like (low-HDI higher)
g__Brotaphodocola,41,569,-4.727447976369183,-4.306368896226674,-0.4210790801425084,0.0032529748393068923,0.36251018046208583,0.39233419887968907,0.005383578242829535,BloSSUM-like (high-HDI higher)
g__DNVW01,41,569,-4.925011733335584,-4.857995818749799,-0.06701591458578449,0.003279704742006055,0.36323888722191267,0.07117404014175363,0.005396258383649498,BloSSUM-like (high-HDI higher)
g__CAG-103,41,569,-4.192687052994519,-3.7070286157000547,-0.48565843729446456,0.003412497153953941,0.3631960221183934,0.40681985204056637,0.005582293032190552,BloSSUM-like (high-HDI higher)
g__Veillonella,41,569,-4.239806678786022,-4.515449070015516,0.2756423912294945,0.0037712859940632303,0.6353465643619529,0.3093299364721637,0.006133758254712036,VANISH-like (low-HDI higher)
g__Senegalimassilia,41,569,-4.463048085828207,-4.729863906670731,0.266815820842524,0.003932489700718803,0.6346178576021261,0.16365031927228782,0.006359397630305265,VANISH-like (low-HDI higher)
g__Allocoprococcus,41,569,-4.105901539788142,-3.6092483889631493,-0.4966531508249932,0.0042243192289734225,0.36632517467529685,0.47766727091600936,0.006792513305678856,BloSSUM-like (high-HDI higher)
g__CAG-273,41,569,-4.875512588767112,-4.752664953394781,-0.1228476353723309,0.006488816783839485,0.3729264006172575,0.11408554210964676,0.010374774857777255,BloSSUM-like (high-HDI higher)
g__CAG-302,41,569,-4.467874948384525,-4.683501073513089,0.21562612512856383,0.007110079293673228,0.6256161858630889,0.15253539757973641,0.011304227191626536,VANISH-like (low-HDI higher)
g__Merdivicinus,41,569,-4.923255881789723,-4.967834431443443,0.044578549653719435,0.007352596425551094,0.6227013588237815,0.04604053369914915,0.011624496024753964,VANISH-like (low-HDI higher)
g__Flemingiibacterium,41,569,-4.888823265227134,-4.953410455810217,0.06458719058308304,0.008852199805495276,0.620300913026705,0.07039668152793428,0.013917625249750907,VANISH-like (low-HDI higher)
g__Allisonella,41,569,-4.955834733153425,-4.902364311158299,-0.05347042199512675,0.009023016988219484,0.37854172917827594,0.07631505887348325,0.014041730406225824,BloSSUM-like (high-HDI higher)
g__Spyradocola,41,569,-4.928092391757451,-4.84457188928869,-0.08352050246876086,0.009030370791283038,0.37854172917827594,0.10889226397530744,0.014041730406225824,BloSSUM-like (high-HDI higher)
g__Enterococcus_B,41,569,-4.785918530277733,-4.911241313974681,0.12532278369694794,0.010129833420168783,0.6195936388186377,0.08731892933548903,0.01566526151862167,VANISH-like (low-HDI higher)
g__Lachnospira,41,569,-3.415784749462686,-2.85117481789955,-0.5646099315631359,0.011780846030653989,0.38231385828796777,0.6333447650776542,0.018119453405842822,BloSSUM-like (high-HDI higher)
g__CAG-194,41,569,-4.768736891846787,-4.8634224987985855,0.09468560695179828,0.01243479578141612,0.6162287281923786,0.07001126843368771,0.019021876789950064,VANISH-like (low-HDI higher)
g__Ruminiclostridium_E,41,569,-4.587202851756534,-4.2260251602891294,-0.36117769146740475,0.014323652019812626,0.38557160615542885,0.24930348014959253,0.021793513557026738,BloSSUM-like (high-HDI higher)
g__Haemophilus_D,41,569,-4.547772696116485,-4.6810852566078305,0.13331256049134588,0.015748368698779637,0.6127995199108406,0.2094524194470302,0.023833092736655816,VANISH-like (low-HDI higher)
g__Ellagibacter,41,569,-4.786838834123036,-4.877529688221194,0.09069085409815791,0.01655490173223236,0.6113421063911869,0.09311972302516616,0.024897754030878967,VANISH-like (low-HDI higher)
g__Oliverpabstia,41,569,-4.230835765816685,-3.985201095647775,-0.2456346701689096,0.01662782866373189,0.38810064726306315,0.40042460764620386,0.024897754030878967,BloSSUM-like (high-HDI higher)
g__CAG-269,41,569,-4.2167685222289935,-4.346608166189052,0.1298396439600582,0.017212262382530326,0.6112992412876677,0.2767461989450133,0.025637211864505696,VANISH-like (low-HDI higher)
g__Limiplasma,41,569,-4.750353885242056,-4.585845786424264,-0.16450809881779183,0.01851456552022315,0.38998671181790906,0.18678490356507113,0.027432576137293985,BloSSUM-like (high-HDI higher)
g__CAG-177,41,569,-4.189364653185478,-4.376874838309997,0.18751018512451978,0.018771152118168374,0.6097989626644948,0.20293632518413274,0.027667896090841925,VANISH-like (low-HDI higher)
g__Mogibacterium_A,41,569,-4.863209708154175,-4.942174396611962,0.07896468845778681,0.02247314239978663,0.6048051781045051,0.0408341907141574,0.03295284610953169,VANISH-like (low-HDI higher)
g__Faecimorpha,41,569,-4.971537949891293,-4.949490579180677,-0.022047370710616576,0.02410728807157231,0.3962664494834755,0.050309473649829344,0.035166817135334864,BloSSUM-like (high-HDI higher)
g__Pseudoruminococcus,41,569,-4.916800624387869,-4.854178747762168,-0.06262187662570096,0.026907564509118385,0.3969737236915427,0.06333512975029804,0.03905046541579745,BloSSUM-like (high-HDI higher)
g__W3P20-009,41,569,-4.693271747966846,-4.876432537963423,0.1831607899965766,0.02748800027353335,0.6025118950662266,0.12749661130436202,0.039689306517397646,VANISH-like (low-HDI higher)
g__UBA7173,41,569,-5.0,-4.948119489969126,-0.05188051003087413,0.028390576185112305,0.4013459642505037,0.04416246141786292,0.04078443177861311,BloSSUM-like (high-HDI higher)
g__Sutterella,41,569,-4.390994036982693,-4.091188516982997,-0.29980551999969673,0.028636038831434358,0.39774529555488874,0.32826743749285514,0.04092928782472689,BloSSUM-like (high-HDI higher)
g__CAG-238,41,569,-4.666731906239435,-4.7708647258973285,0.10413281965789345,0.02919735402562227,0.6017403232028805,0.15379942188035864,0.041521865272618606,VANISH-like (low-HDI higher)
g__CAG-303,41,569,-5.0,-4.9720996839421145,-0.027900316057885455,0.029593895221549187,0.401217368939946,0.04255548478761452,0.0418753617384921,BloSSUM-like (high-HDI higher)
g__Phil1,41,569,-4.761116889455849,-4.835661365863003,0.07454447640715411,0.034254213378031,0.5986111706459771,0.09411918410007676,0.048228569084491406,VANISH-like (low-HDI higher)
g__Coprococcus_C,41,569,-4.487896308451349,-4.571541437353988,0.08364512890263942,0.03453467194077738,0.5987397659565348,0.17172439697548708,0.04838273346158416,VANISH-like (low-HDI higher)
g__Clostridium,41,569,-4.107669985499128,-4.405088806767478,0.29741882126834973,0.036592791550303365,0.5976681383685541,0.3451700880244313,0.051013596102147056,n.s.
g__UBA11524,41,569,-4.640624878800152,-4.437233074828118,-0.2033918039720337,0.0408451014738151,0.4044751168074071,0.24307481260104846,0.056662567240635654,n.s.
g__Jutongia,41,569,-4.835403940710737,-4.868680675249094,0.03327673453835711,0.041115914165059435,0.5948819066398046,0.09638920190093576,0.056760018091277176,n.s.
g__Roseburia,41,569,-2.0417891461518365,-1.8650905809282867,-0.17669856522354976,0.043962744180968745,0.4058682326717819,0.7412016396387568,0.06012363798387622,n.s.
g__Choladousia,41,569,-4.7817533676801816,-4.52232999073604,-0.25942337694414164,0.043977360645450096,0.40591109777530116,0.3147910440448778,0.06012363798387622,n.s.
g__Streptococcus,41,569,-3.4226602671827724,-3.081008405427517,-0.3416518617552553,0.046274030612280075,0.4068755626044837,0.7212548789051655,0.06295937818882337,n.s.
g__CAG-313,41,569,-4.8955072796011905,-4.831471805652897,-0.06403547394829356,0.04736502476648002,0.40764713446782974,0.10471804419185733,0.06413541631059257,n.s.
g__Dorea_A,41,569,-3.2632241945356943,-3.047855545661903,-0.21536864887379137,0.04800879574983943,0.4076042693643105,0.6130517858017736,0.06469756760573599,n.s.
g__Marvinbryantia,41,569,-4.899936245976837,-4.931791210247853,0.03185496427101597,0.04896581968139641,0.5910026147713147,0.09135923439975177,0.06567453540206249,n.s.
g__CAG-170,41,569,-3.5825555323424085,-3.8332328109025497,0.2506772785601412,0.04968433076063046,0.5917098889793819,0.3874904055003021,0.06632389436442651,n.s.
g__Lactobacillus,41,569,-4.9130977559479945,-4.867253303087389,-0.04584445286060568,0.056447930162385584,0.4110763427493677,0.0869988404945046,0.07499889312654986,n.s.
g__Coprococcus_A,41,569,-4.422710778614704,-4.217440511529803,-0.20527026708490048,0.058107556496912224,0.41146212868104076,0.38200643443894633,0.07684317050759887,n.s.
g__Desulfovibrio,41,569,-4.6201243741213105,-4.4961731553959465,-0.12395121872536397,0.059502434612860644,0.4119550773715119,0.20664674276942172,0.07832180928111425,n.s.
g__Pauljensenia,41,569,-4.81070523633464,-4.592471400405816,-0.2182338359288245,0.06632363140306755,0.4142483604097904,0.29070272565446736,0.08689623929198201,n.s.
g__Roseburia_D,41,569,-4.847379161240862,-4.9424718247679325,0.0950926635270708,0.07108231837924524,0.5833083286896138,0.05599594989629775,0.09270182535173457,n.s.
g__Dorea,41,569,-4.023071055351885,-3.749728842940226,-0.2733422124116589,0.07597369133458012,0.41707745724205925,0.4829781327062205,0.09862639746645036,n.s.
g__Merdousia,41,569,-4.886839833967239,-4.930721673441057,0.04388183947381741,0.0801384835449016,0.5807149899267007,0.05995786585664593,0.10355794905574044,n.s.
g__Coprococcus,41,569,-3.934586417195579,-4.245305823445626,0.3107194062500467,0.08237491800727369,0.5811650735136525,0.28491826302810574,0.10596409907299296,n.s.
g__UMGS882,41,569,-4.952485222648434,-4.968783321197017,0.01629809854858255,0.09015536567958737,0.57743580950748,0.04405794261264351,0.11544782120960735,n.s.
g__Pilosibacter,41,569,-4.382071081657005,-4.010662385789395,-0.3714086958676104,0.09628673992525907,0.42228556731964506,0.44336877174072803,0.12274390720201946,n.s.
g__Gemmiger,41,569,-2.6228602366526297,-2.46975035103213,-0.15310988562049976,0.10041487111406432,0.42322859959706804,0.648336681201313,0.12743232522547177,n.s.
g__Onthomonas,41,569,-4.8708074510172485,-4.789761392075056,-0.08104605894219219,0.10112427134631438,0.423507222769943,0.16684794146946907,0.1277596821027097,n.s.
g__Faecivicinus,41,569,-4.912252745494073,-4.898182323246264,-0.014070422247809411,0.12580273295523006,0.4290153885721634,0.10140610455146734,0.15823188189480047,n.s.
g__Hominicoprocola,41,569,-3.1392689996266823,-3.4408423931976935,0.3015733935710112,0.12864877234654737,0.5710060439795962,0.46679731517319095,0.16109558661094206,n.s.
g__UMGS1312,41,569,-4.932326083247871,-4.948434799069787,0.01610871582191642,0.13534517667383295,0.56858416563076,0.05058710172619339,0.1687342951484349,n.s.
g__Actinomyces,41,569,-4.995951634387653,-4.948585115654783,-0.04736651873287023,0.13956757122521835,0.4323802991984226,0.10683781621021345,0.17323518709095084,n.s.
g__Laedolimicola,41,569,-4.804131091562292,-4.734693507656695,-0.06943758390559651,0.14944832921249088,0.4326803549230571,0.2037659432005618,0.1846894199438206,n.s.
g__Rothia,41,569,-4.916518949826688,-4.949670771773834,0.033151821947146054,0.15391467035249437,0.5655193107291354,0.09995917234171117,0.18938196395546048,n.s.
g__Acetatifactor,41,569,-3.3126995894531013,-3.2776833019836076,-0.0350162874694937,0.1560412676915922,0.5662908825924815,0.5586660787483874,0.19116744050528395,n.s.
g__JAZOXB01,41,569,-4.394371178545248,-4.215755599239375,-0.17861557930587324,0.16129902046914213,0.4345449869261434,0.3295967860467395,0.19675699479641046,n.s.
g__Megasphaera,41,569,-4.566440066626964,-4.722907689109847,0.15646762248288315,0.16881002055067218,0.5642762227270779,0.1481554063985106,0.20503534684909966,n.s.
g__CAG-196,41,569,-4.848392593869468,-4.904156373385428,0.05576377951596001,0.1730190005755009,0.5631831625873377,0.0827266343311613,0.20924947505498612,n.s.
g__CAG-245,41,569,-4.63382136039819,-4.6999627326377125,0.06614137223952277,0.17631356293322853,0.5631188649320588,0.16141296359805987,0.21232654600044115,n.s.
g__Ruminococcus_C,41,569,-3.9024290477858243,-4.03059994313681,0.1281708953509857,0.19197483063778797,0.5609756097560976,0.3418222200447471,0.23020710623090676,n.s.
g__Lentihominibacter,41,569,-4.604052609400111,-4.357804755149682,-0.24624785425042894,0.21502299967275473,0.44206781259376743,0.30975454411836756,0.256757421550167,n.s.
g__JAGTTR01,41,569,-4.974594577436237,-4.921833963702587,-0.05276061373364982,0.2177782241936853,0.4430965750782288,0.08541472735289794,0.2589547791882897,n.s.
g__Terrisporobacter,41,569,-4.854805221708305,-4.889332359306135,0.03452713759782977,0.22400125403215743,0.5564533413348193,0.10366958992700015,0.2652399786238517,n.s.
g__UMGS1590,41,569,-4.9823969946074795,-4.94225506659897,-0.04014192800850935,0.23604240949165944,0.44541129066826696,0.042833112863978576,0.27833334119224845,n.s.
g__Vescimonas,41,569,-2.8664152892738333,-3.034799022004928,0.16838373273109486,0.2499013998327323,0.5537742723648678,0.5486780004246077,0.29345268113138273,n.s.
g__CAG-115,41,569,-4.755029555819968,-4.758926369272234,0.0038968134522656683,0.2575416287869273,0.5528312400874448,0.14707429000702235,0.3011747146557869,n.s.
g__UBA4285,41,569,-4.927025567098036,-4.90620341897417,-0.020822148123865958,0.2595935425785174,0.44759741094774746,0.06877664004703346,0.302324989916545,n.s.
g__V9D3004,41,569,-4.978149954807976,-4.982758878754148,0.004608923946172183,0.26100913986525653,0.5504093617386085,0.041471102183463164,0.3027278138601131,n.s.
g__Mediterraneibacter_A,41,569,-4.977148778995054,-4.945191531177438,-0.03195724781761555,0.26909563272360804,0.44909768957092033,0.06870151715578202,0.3108329145338003,n.s.
g__SFEL01,41,569,-4.793208626666537,-4.683264832652872,-0.10994379401366494,0.28123912261636264,0.44967636846842984,0.14383747325788382,0.323539315855409,n.s.
g__UBA10677,41,569,-4.932158278945175,-4.956182833694889,0.024024554749714433,0.287001114796525,0.5487376227013588,0.049884866003625496,0.3288312367911602,n.s.
g__UBA3402,41,569,-4.885222162204926,-4.759412148889052,-0.12581001331587327,0.28936863313847105,0.45055510309057395,0.20731305015269544,0.3302069482991424,n.s.
g__Ventricola,41,569,-4.230759421476121,-4.140581003087291,-0.09017841838882923,0.2917247374959018,0.45072656350465085,0.3658125520552643,0.33155863739494057,n.s.
g__Fusobacterium_A,41,569,-4.945555698938377,-4.9641122256176935,0.0185565266793164,0.30121710786988465,0.5471730464229071,0.06005258602387602,0.34097776610870945,n.s.
g__Roseburia_C,41,569,-4.594821176204152,-4.548956569869589,-0.04586460633456291,0.3163274963959074,0.5468301255947533,0.1791289010827495,0.35665610151411076,n.s.
g__UBA11452,41,569,-4.958528004803123,-4.975321130069089,0.016793125265966324,0.3379551082010026,0.5431008615885807,0.03783907370208874,0.37945995076711303,n.s.
g__Slackia,41,569,-4.6291716063214325,-4.70294566123518,0.07377405491374756,0.33923451429003393,0.5446440053152728,0.15585713585811573,0.37945995076711303,n.s.
g__UMGS1766,41,569,-4.911616481128376,-4.910675168434899,-0.0009413126934765259,0.3529645763253705,0.45694200351493847,0.09708817141084056,0.39326368149637736,n.s.
g__PeH17,41,569,-4.673691343981302,-4.589671293121095,-0.08402005086020736,0.3977982683960427,0.46049980710703414,0.17121160158737936,0.4414780782591376,n.s.
g__Faecalibacterium,41,569,-1.6963509168415283,-1.736083447919792,0.03973253107826369,0.4204765967921823,0.46234300655836086,0.7498995639606095,0.4648237378601078,n.s.
g__UBA644,41,569,-4.929136636929416,-4.922119821010813,-0.0070168159186030366,0.4343777387746588,0.5362853101290239,0.05678637336076952,0.47832256837832077,n.s.
g__Neoanaerotignum_A,41,569,-4.98551109250313,-4.982390385362336,-0.0031207071407939324,0.45080769624467487,0.4661580007715719,0.05151143990985253,0.49449061254745347,n.s.
g__Fimadaptatus,41,569,-4.962385876670912,-4.9481120638283995,-0.014273812842512612,0.46065314628886733,0.4661151356680526,0.06180000979863799,0.5033391521225847,n.s.
g__F23-B02,41,569,-4.817319189154373,-4.814001322695418,-0.0033178664589552653,0.4666195934859535,0.5338848643319474,0.11714598337497754,0.5078974806020187,n.s.
g__Hominiventricola,41,569,-4.537520552154753,-4.259475084055839,-0.27804546809891395,0.490127501872614,0.4677440096017832,0.38772230659938267,0.5305791732681368,n.s.
g__Schaedlerella,41,569,-4.6932431263642655,-4.698346483311189,0.005103356946923654,0.49121611041626845,0.5321702601911784,0.18378652034033935,0.5305791732681368,n.s.
g__Lactococcus,41,569,-4.885279685980154,-4.874024266783134,-0.011255419197020444,0.493082411906431,0.4680440653264178,0.08194927571734195,0.5305791732681368,n.s.
g__CAG-288,41,569,-4.974536825929037,-4.987037185269788,0.01250035934075111,0.49572518712690083,0.530198465429294,0.03698985840968105,0.5314023786246702,n.s.
g__Scatosoma,41,569,-4.708115867969731,-4.775469835336442,0.06735396736671095,0.5190926367509348,0.5300698701187363,0.1759704734375255,0.5543517592472247,n.s.
g__Limosilactobacillus,41,569,-4.88498825705233,-4.908855635210459,0.023867378158128894,0.5377978521485369,0.5286124565990827,0.08024104649453725,0.5721683915715637,n.s.
g__Ruminococcoides,41,569,-3.1025938393737094,-3.063093947267684,-0.039499892106025225,0.602894191156657,0.47567405375283983,0.5117338689922101,0.6390226820124866,n.s.
g__Romboutsia,41,569,-4.48334071935192,-4.444638788596023,-0.038701930755897784,0.6176015857214623,0.476659951133782,0.3184361373769046,0.6521688386536336,n.s.
g__Oxalobacter,41,569,-4.9011170555030885,-4.922162658448937,0.021045602945848785,0.6205519297175297,0.5229113978310258,0.08225629970767397,0.6528483126768063,n.s.
g__Intestinibacter,41,569,-4.6028361992529545,-4.551427923296472,-0.051408275956482896,0.6799184475231865,0.48071070341634875,0.2508353338885895,0.7126552616631918,n.s.
g__HGM13006,41,569,-4.870784901639979,-4.868232328915938,-0.002552572724041191,0.7183765553002217,0.4832183119722234,0.14572534417715938,0.7501865872692353,n.s.
g__Megamonas,41,569,-4.898929081509995,-4.862925696250811,-0.03600338525918367,0.7391168752647646,0.4844828325260406,0.10217039831463427,0.7690076312497366,n.s.
g__CAG-417,41,569,-4.913428657578368,-4.943911238195156,0.030482580616787658,0.7883387176474075,0.5123665823652964,0.040716607058285566,0.817215593751708,n.s.
g__CAG-217,41,569,-4.395679842323797,-4.429418137035244,0.03373829471144685,0.7936867284228635,0.5122379870547388,0.19027321868926886,0.8197567304513517,n.s.
g__Nanosynbacter,41,569,-4.989350060261131,-4.976532858039543,-0.012817202221587998,0.8011541465325351,0.48857644991212656,0.06248918067055346,0.8244604489771179,n.s.
g__Egerieenecus,41,569,-4.863058992099106,-4.846177032668565,-0.016881959430540938,0.8321658467559154,0.49011959363881863,0.13039047572387438,0.8532715022895799,n.s.
g__Citrobacter,41,569,-4.9370963901539415,-4.931318205457228,-0.005778184696713318,0.84712421256377,0.49101976081272236,0.0867506083321085,0.8654734734857289,n.s.
g__Turicibacter,41,569,-4.829445651804627,-4.86361072914503,0.034165077340403194,0.857329823023698,0.4915984397102319,0.11374258978002058,0.8727494241572177,n.s.
g__Collinsella,41,569,-2.9759657024422737,-2.7438287860337334,-0.23213691640854028,0.8695431837492026,0.49230571391829914,0.6413273888262865,0.8820097526918435,n.s.
g__UMGS911,41,569,-4.910357628993855,-4.897718183456495,-0.012639445537359961,0.8928291872413321,0.49372026233443356,0.07815393660281221,0.9023952142474893,n.s.
g__Victivallis,41,569,-4.946637332107476,-4.91774294700728,-0.028894385100195485,0.8987509239006972,0.49410604826610655,0.08354971992226413,0.9051477276295278,n.s.
g__Methanocatella,41,569,-4.53772771562103,-4.568303214658537,0.030575499037507115,0.9184922340008725,0.5048008915941532,0.167213757287737,0.9217492986604501,n.s.
g__Pararoseburia,41,569,-4.884827400103478,-4.8869468656111925,0.0021194655077145796,0.9529659568665562,0.49723520082301,0.1010337563078732,0.952965956866556,n.s.
