year,n_studies,median_richness_of_study_medians,median_prevotella_prevalence_of_studies
2008,4,58.0,0.567591027807651
2009,4,56.0,0.5318181818181817
2010,16,53.5,0.3559491978609626
2011,23,50.0,0.55
2012,38,53.5,0.532457361642882
2013,50,48.75,0.4916666666666667
2014,57,49.0,0.5357142857142857
2015,87,46.0,0.5526315789473685
2016,115,46.0,0.5652173913043478
2017,127,45.0,0.4788732394366197
2018,156,46.5,0.5251259798432251
2019,153,49.0,0.4797297297297297
2020,132,45.0,0.42508417508417506
2021,139,47.0,0.4878048780487805
2022,106,47.5,0.5058139534883721
2023,86,47.0,0.5273088381330685
2024,48,47.5,0.4445069141037416
2025,11,51.0,0.4473684210526316
