study,n_samples,n_years,year_min,year_max,rho_year_richness,rho_year_prevotella_prevalence,rho_year_depth,richness_first,richness_last,prevotella_first,prevotella_last,main_age
PRJDB16790,370,5,2014,2021,0.8720815992723809,0.19999999999999998,0.7,43.0,62.0,0.2641509433962264,0.375,unknown
PRJDB18316,143,3,2019,2021,1.0,-1.0,0.5,49.0,64.0,1.0,0.9454545454545454,unknown
PRJEB17632,225,3,2013,2015,1.0,1.0,1.0,49.0,55.0,0.40425531914893614,0.8076923076923077,unknown
PRJEB21528,347,3,2011,2013,1.0,-1.0,-0.5,45.0,49.0,0.55,0.4,adult
PRJEB26795,252,3,2009,2011,1.0,1.0,1.0,63.0,73.0,0.564625850340136,0.6923076923076923,child
PRJEB32731,905,5,2011,2015,-0.8944271909999157,-0.19999999999999998,0.7,67.0,57.5,0.4537037037037037,0.5,unknown
PRJEB34871,1079,4,2013,2016,0.7999999999999999,0.7999999999999999,-0.39999999999999997,7.0,25.0,0.0,0.7745098039215687,unknown
PRJEB40256,93,3,2011,2014,-0.5,-1.0,-1.0,52.0,47.0,0.6,0.4583333333333333,unknown
PRJEB44737,138,3,2016,2018,-1.0,-0.5,-1.0,47.5,40.0,0.4375,0.23809523809523808,unknown
PRJEB46778,110,3,2009,2013,0.5,0.5,1.0,60.0,63.0,0.5636363636363636,0.696969696969697,adult
PRJEB50977,381,7,2012,2018,0.4865062298556019,0.10714285714285716,-0.5714285714285715,55.0,69.0,0.2608695652173913,0.7391304347826086,unknown
PRJEB51353,8897,4,2015,2018,1.0,1.0,-0.7999999999999999,72.0,75.0,0.5069490403706155,0.5922116091109478,adult
PRJEB66493,101,3,2019,2021,-1.0,-1.0,-1.0,70.0,34.0,0.5806451612903226,0.17391304347826086,adult
PRJEB68363,179,4,2010,2017,-1.0,-0.39999999999999997,-1.0,23.5,11.0,0.375,0.3220338983050847,adult
PRJEB98069,437,5,2019,2023,0.3,-0.19999999999999998,0.09999999999999999,35.0,58.5,0.5394736842105263,0.4230769230769231,unknown
PRJNA1011937,452,4,2014,2017,-0.7999999999999999,0.7999999999999999,-0.39999999999999997,49.5,41.0,0.8461538461538461,0.9217391304347826,adult
PRJNA1039781,190,3,2020,2022,-0.5,0.5,0.5,11.5,5.0,0.10526315789473684,0.12857142857142856,adult
PRJNA1042925,353,4,2018,2021,0.7999999999999999,0.39999999999999997,0.7999999999999999,41.5,67.0,0.45,0.5277777777777778,unknown
PRJNA1067813,412,3,2019,2023,-1.0,-1.0,-1.0,26.5,17.0,0.09302325581395349,0.0,adult
PRJNA1080077,86,3,2020,2022,0.5,0.5,-0.5,45.0,46.0,0.8095238095238095,0.84,adult
PRJNA1082665,692,4,2016,2021,1.0,0.7999999999999999,-1.0,24.0,46.0,0.5652173913043478,0.9005847953216374,unknown
PRJNA1086951,634,4,2017,2020,-0.316227766016838,0.0,-0.19999999999999998,54.0,52.0,0.21014492753623187,0.22151898734177214,elderly
PRJNA1088844,266,3,2016,2018,-0.5,1.0,0.5,67.0,64.0,0.3050847457627119,0.48314606741573035,adult
PRJNA1090271,82,3,2020,2022,-0.5,-0.5,-1.0,24.0,23.0,0.6521739130434783,0.5483870967741935,adult
PRJNA1096686,87,3,2020,2022,-0.8660254037844387,-0.5,-1.0,34.0,28.0,0.5833333333333334,0.5454545454545454,adult
PRJNA1110178,638,3,2023,2025,0.5,-1.0,-0.5,63.0,73.0,0.5851851851851851,0.42063492063492064,unknown
PRJNA1116923,385,7,2016,2022,-0.8108437164260032,-0.7142857142857144,-0.8571428571428573,43.0,32.0,0.782608695652174,0.3333333333333333,unknown
PRJNA1121316,422,3,2019,2021,0.8660254037844387,-0.5,0.5,17.0,21.0,0.20481927710843373,0.1864406779661017,unknown
PRJNA1157371,1630,4,2019,2022,1.0,1.0,1.0,80.0,104.0,0.8774834437086093,1.0,elderly
PRJNA1195215,1684,3,2014,2021,0.5,-0.5,1.0,47.0,49.0,0.7697022767075307,0.6666666666666666,unknown
PRJNA1197998,890,8,2016,2023,0.3903600291794133,-0.38095238095238104,-0.7142857142857144,51.5,58.0,0.5,0.28716904276985744,adult
PRJNA1210004,114,3,2014,2016,-0.5,0.8660254037844387,-0.5,55.0,54.0,0.45454545454545453,0.5769230769230769,elderly
PRJNA1214038,100,3,2021,2023,-0.5,1.0,-0.5,66.0,59.0,0.5714285714285714,0.7317073170731707,unknown
PRJNA1216426,149,3,2021,2023,-1.0,-1.0,-0.5,38.0,29.0,0.4782608695652174,0.14492753623188406,adult
PRJNA1221235,88,3,2017,2019,0.5,0.5,0.5,52.5,58.0,0.42857142857142855,0.45454545454545453,adult
PRJNA1235197,1610,4,2016,2022,-0.316227766016838,-0.19999999999999998,-0.39999999999999997,58.0,50.0,0.28771929824561404,0.22872340425531915,adult
PRJNA1258884,434,3,2020,2022,-0.5,1.0,1.0,75.5,73.0,0.39285714285714285,0.4634146341463415,adult
PRJNA1261967,164,5,2014,2018,0.09999999999999999,0.8999999999999998,-0.6,48.0,41.0,0.34210526315789475,0.6190476190476191,child
PRJNA1269031,255,3,2021,2023,1.0,1.0,1.0,35.0,45.0,0.4117647058823529,0.5555555555555556,adult
PRJNA1289847,198,3,2022,2024,1.0,-1.0,0.5,65.0,70.0,0.8352941176470589,0.7142857142857143,adult
PRJNA1290813,90,3,2021,2023,1.0,0.5,0.5,64.0,78.5,0.7931034482758621,0.9,adult
PRJNA1305443,563,7,2012,2018,-0.3571428571428572,-0.21428571428571433,0.42857142857142866,61.0,66.0,0.6774193548387096,0.7647058823529411,unknown
PRJNA1314234,188,4,2018,2021,0.632455532033676,0.7999999999999999,-0.7999999999999999,52.0,56.0,0.41025641025641024,0.5161290322580645,unknown
PRJNA1357304,2367,5,2012,2018,0.5642880936468347,0.6,-0.3,47.0,56.0,0.15789473684210525,0.25059665871121717,unknown
PRJNA1429309,254,4,2020,2023,0.316227766016838,-0.7999999999999999,-0.7999999999999999,25.5,34.0,0.09090909090909091,0.043478260869565216,adult
PRJNA400072,174,3,2010,2013,-0.5,1.0,0.5,54.5,53.5,0.2857142857142857,0.42592592592592593,adult
PRJNA400628,284,3,2015,2017,-0.8660254037844387,1.0,-0.5,30.0,24.0,0.21621621621621623,0.3888888888888889,unknown
PRJNA448876,415,3,2014,2016,0.5,-0.5,-0.5,23.0,24.0,0.2391304347826087,0.11842105263157894,adult
PRJNA532888,254,3,2016,2018,1.0,1.0,1.0,37.0,52.5,0.5,0.5448717948717948,unknown
PRJNA539933,146,3,2013,2017,0.5,1.0,0.5,70.0,85.5,0.9180327868852459,1.0,unknown
PRJNA544527,497,3,2014,2016,0.5,-0.5,0.5,31.0,32.0,0.22058823529411764,0.18548387096774194,adult
PRJNA598452,93,3,2012,2015,-0.5,0.5,0.5,97.0,87.5,0.6071428571428571,0.6428571428571429,elderly
PRJNA629755,138,3,2010,2018,-1.0,1.0,-0.5,52.5,36.0,0.20833333333333334,0.24444444444444444,unknown
PRJNA682246,570,4,2016,2019,0.7999999999999999,-0.39999999999999997,0.39999999999999997,30.5,38.0,0.125,0.12,unknown
PRJNA689961,167,3,2011,2020,0.5,-1.0,-0.5,47.0,49.0,0.55,0.3888888888888889,unknown
PRJNA693850,416,5,2011,2015,0.8999999999999998,-0.19999999999999998,0.7999999999999999,42.0,48.0,0.4117647058823529,0.43478260869565216,unknown
PRJNA698223,639,4,2012,2015,1.0,0.7999999999999999,-0.6000000000000001,42.0,47.0,0.14124293785310735,0.2,adult
PRJNA707487,261,3,2016,2018,1.0,0.5,0.5,15.5,23.5,0.2833333333333333,0.3275862068965517,adult
PRJNA734860,302,4,2018,2021,-0.39999999999999997,-0.39999999999999997,-0.7999999999999999,56.5,54.0,0.6486486486486487,0.45454545454545453,adult
PRJNA746613,176,3,2016,2018,1.0,0.5,1.0,13.5,27.0,0.15,0.2413793103448276,adult
PRJNA755324,411,3,2017,2019,1.0,0.5,0.5,26.5,47.5,0.5714285714285714,0.625,adult
PRJNA762360,88,3,2016,2018,0.0,0.5,0.5,54.0,54.0,0.5,0.8571428571428571,elderly
PRJNA770295,278,3,2015,2019,-0.5,-0.8660254037844387,-0.5,42.0,22.5,0.3108108108108108,0.0,unknown
PRJNA782492,112,3,2014,2016,-0.5,-0.5,0.5,77.0,74.0,0.7083333333333334,0.6521739130434783,adult
PRJNA786578,255,3,2015,2019,-0.8660254037844387,1.0,-0.5,22.0,19.0,0.25,0.3561643835616438,unknown
PRJNA787952,108,3,2017,2019,0.5,-0.5,1.0,14.0,14.5,0.30303030303030304,0.18421052631578946,child
PRJNA795985,269,5,2015,2019,-0.46169025843831935,0.7,-0.19999999999999998,72.0,71.0,0.46875,0.6,adult
PRJNA800433,92,3,2016,2018,0.8660254037844387,0.5,-0.5,26.0,27.5,0.06896551724137931,0.15625,child
PRJNA801051,205,3,2016,2018,-1.0,-0.5,-0.5,44.5,34.0,0.7777777777777778,0.6835443037974683,adult
PRJNA834801,649,3,2018,2020,0.5,1.0,1.0,57.0,58.5,0.38461538461538464,0.5204081632653061,elderly
PRJNA848838,168,3,2016,2021,0.5,1.0,0.5,5.0,9.5,0.0,0.09302325581395349,adult
PRJNA873083,104,3,2019,2021,-0.5,0.5,-1.0,39.0,38.0,0.24489795918367346,0.3448275862068966,unknown
PRJNA904651,378,4,2015,2018,0.632455532033676,0.39999999999999997,-0.6000000000000001,55.0,57.0,0.5064935064935064,0.5666666666666667,adult
PRJNA910239,75,3,2018,2020,1.0,-1.0,0.5,45.0,53.5,0.6666666666666666,0.5454545454545454,adult
PRJNA915251,624,4,2017,2020,0.7999999999999999,0.6000000000000001,0.7999999999999999,35.0,42.5,0.22580645161290322,0.30357142857142855,adult
PRJNA916259,197,3,2017,2019,-0.5,-0.5,-1.0,71.0,67.0,0.5555555555555556,0.55,adolescent
PRJNA945408,373,4,2014,2019,0.7999999999999999,0.7999999999999999,0.39999999999999997,20.0,52.0,0.037383177570093455,0.6299212598425197,unknown
PRJNA947377,113,4,2015,2020,0.6000000000000001,0.7999999999999999,-0.39999999999999997,53.0,58.0,0.7142857142857143,0.8181818181818182,adult
PRJNA948536,97,3,2018,2022,1.0,-0.5,-1.0,32.0,41.0,0.4,0.3611111111111111,child
PRJNA954584,108,3,2016,2018,1.0,,-0.5,23.5,28.0,1.0,1.0,elderly
PRJNA974858,948,3,2014,2016,-0.5,1.0,-0.5,69.0,62.0,0.13725490196078433,0.4833948339483395,adult
PRJNA999635,1719,3,2020,2022,0.5,0.0,0.5,56.5,61.0,1.0,1.0,unknown
