genus,prevalence,pooled_effect,n_studies_a,n_studies_b,median_a,median_b,study_effect,p_study,frac_b_studies_higher,n_studies_within,within_median_effect,within_frac_agree,q_study
g__Cryptobacteroides,0.47183098591549305,-1.8669888531596648,10,4,-2.3652866797346466,-4.729566887375837,-2.3642802076411904,0.05394605394605395,0.15000000000000002,2,-0.11983378310659099,1.0,0.28871128871128876
g__Alloprevotella,0.5023474178403757,-2.016447045575642,10,4,-2.4754954601209618,-4.705446804812681,-2.229951344691719,0.013986013986013986,0.07499999999999996,2,-0.46747826311440877,1.0,0.2771628371628372
g__Prevotella,0.6841418883672405,-2.8881905393961236,10,4,-0.8397711181095744,-3.0530829617740425,-2.213311843664468,0.023976023976023976,0.09999999999999998,2,-0.821411182652519,1.0,0.2771628371628372
g__Succinivibrio,0.3847157016171101,-1.5654075315261125,10,4,-3.2202464113909803,-4.962564749000621,-1.7423183376096407,0.01322701284465055,0.050000000000000044,2,-0.18291423014379138,1.0,0.2771628371628372
g__Phascolarctobacterium_A,0.4105372978612416,-1.1862458846923554,10,4,-3.0604136137194704,-4.753061091230665,-1.6926474775111942,0.023976023976023976,0.09999999999999998,2,-0.3503757551590492,1.0,0.2771628371628372
g__Faecousia,0.6523213354199271,-1.3850004421531534,10,4,-2.663327250017363,-4.066719416037867,-1.4033921660205042,0.05394605394605395,0.15000000000000002,2,-0.48595522388204637,1.0,0.28871128871128876
g__Treponema_D,0.2728221178925405,-1.2479614288930736,10,4,-3.5995671556336264,-5.0,-1.4004328443663736,0.03597407097586841,0.125,2,0.0,,0.28871128871128876
g__Limivicinus,0.49347939488784576,-1.3130264898467399,10,4,-3.402895329291659,-4.739206186304964,-1.3363108570133049,0.1058941058941059,0.19999999999999996,2,-0.033755536021674803,0.5,0.3600399600399601
g__UBA10281,0.4415753781950966,-1.3191900840736839,10,4,-3.696981804204469,-4.919017334786744,-1.2220355305822754,0.013986013986013986,0.07499999999999996,2,-0.038618784519130145,1.0,0.2771628371628372
g__Sodaliphilus,0.26291079812206575,-0.910252180401721,10,4,-3.841006488361936,-4.968284225874933,-1.1272777375129968,0.013986013986013986,0.07499999999999996,2,-0.10646804733509896,1.0,0.2771628371628372
g__CAG-488,0.31794470526864893,-1.005554510398952,10,4,-3.783190547980219,-4.894622706077165,-1.111432158096946,0.023976023976023976,0.09999999999999998,2,-0.12345133293918709,0.5,0.2771628371628372
g__CAG-170,0.6418883672404799,-1.3774246456203771,10,4,-2.720101564040661,-3.801979695258482,-1.0818781312178212,0.1058941058941059,0.19999999999999996,2,-0.45106979398420055,1.0,0.3600399600399601
g__Duodenibacillus,0.45592070944183627,-1.393712556293353,10,4,-3.8994861413451107,-4.955370777201992,-1.0558846358568812,0.04747047857496793,0.13749999999999996,2,-0.31898401108603336,1.0,0.28871128871128876
g__Hominicoprocola,0.702399582681273,-1.2643293949108911,10,4,-2.4002123078172053,-3.4029855126905195,-1.0027732048733142,0.2397602397602398,0.275,2,-0.09806102538475092,1.0,0.5249296158387068
g__Limisoma,0.42983828899321863,-1.3393064882629284,10,4,-3.7849709311841844,-4.77107965537984,-0.9861087241956552,0.023976023976023976,0.09999999999999998,2,-0.2797220907120441,0.5,0.2771628371628372
g__Vescimonas,0.7527386541471048,-1.2396424849259842,10,4,-2.131339134193703,-3.0512521358709144,-0.9199130016772115,0.2397602397602398,0.275,2,0.019006735331844826,0.5,0.5249296158387068
g__F23-B02,0.3093375065206051,-0.6457194591601256,10,4,-3.9741462160812078,-4.791703190562563,-0.8175569744813553,0.3736263736263737,0.32499999999999996,2,0.0019368653020737092,0.5,0.6465749819043234
g__Bulleidia,0.44627021387584775,-0.9730533777509933,10,4,-4.0059699048970625,-4.81413513193441,-0.8081652270373478,0.2573754761360695,0.2875,2,-0.01549448891253391,0.5,0.5550859149501797
g__Suilimivivens,0.5091288471570163,-1.3461318107575302,10,4,-3.757813529569021,-4.550211011007276,-0.7923974814382548,0.18781218781218784,0.25,2,-0.06966857838320273,1.0,0.46791139894588174
g__Anaerovibrio,0.19509650495565992,-0.6371029108778705,10,4,-4.240213281057708,-5.0,-0.7597867189422924,0.03597407097586841,0.125,2,0.0009752609575266469,0.5,0.28871128871128876
g__Physcousia,0.24804381846635376,-0.7986738650469523,10,4,-4.239915040773829,-4.997276349757575,-0.7573613089837465,0.008814274609282706,0.025000000000000022,2,-0.06865145853751242,1.0,0.2771628371628372
g__Acetatifactor,0.7629107981220657,-1.272696077528796,10,4,-2.5139879656211663,-3.252334513967945,-0.7383465483467786,0.2397602397602398,0.275,2,-0.28037317362592074,1.0,0.5249296158387068
g__Catenibacterium,0.4616588419405322,-0.850030412684132,10,4,-3.9462763039287476,-4.672006915370312,-0.725730611441564,0.6353646353646354,0.4,2,0.009179937030168617,0.5,0.8271188271188271
g__Oribacterium,0.30386019822639543,-0.9098284595833954,10,4,-4.273264707695155,-4.983341132885169,-0.7100764251900138,0.04747047857496793,0.13749999999999996,2,-0.001984257296596237,0.5,0.28871128871128876
g__Avelusimicrobium,0.21152842983828904,-0.7152861488953208,10,4,-4.339845719112613,-5.0,-0.6601542808873866,0.022136093539001152,0.08750000000000002,2,-0.0022458615000857662,0.5,0.2771628371628372
g__CAMEON01,0.2811684924360981,-0.6662330931316758,10,4,-4.279128332502447,-4.925712887590841,-0.6465845550883937,0.13713139723599588,0.22499999999999998,2,-0.0514894465295237,0.5,0.4183367652755408
g__Eubacterium_R,0.5993740219092332,-0.9266703445556379,10,4,-3.028509713628555,-3.6719823440443093,-0.6434726304157543,0.07592407592407593,0.17500000000000004,2,-0.006701735675682219,0.5,0.3104212564189482
g__Holdemanella,0.5764214919144497,-0.9552801503785537,10,4,-3.328810395123973,-3.9543569535356724,-0.6255465584116995,0.5394605394605395,0.375,2,-0.27616854125687107,1.0,0.7568159995344462
g__RUG410,0.24439227960354726,-0.8710309162804366,10,4,-4.372310050643919,-4.991105609284889,-0.6187955586409704,0.05354235485767818,0.15000000000000002,2,0.0,,0.28871128871128876
g__Pilosibacter,0.5448617631716224,-1.11751275137307,10,4,-3.969611988530404,-4.584538980299911,-0.6149269917695066,0.4535464535464536,0.35,2,0.1450378340474574,1.0,0.7123637232332886
g__Oscillibacter,0.7660406885758999,-1.0828043437551167,10,4,-2.7761123767422577,-3.390710568392434,-0.6145981916501762,0.18781218781218784,0.25,2,-0.10959389749349491,1.0,0.46791139894588174
g__W3P20-009,0.4324465310380804,-0.8716893817134759,10,4,-4.213131808734016,-4.8128615587002335,-0.5997297499662171,0.18781218781218784,0.25,2,-0.059966304119186464,1.0,0.46791139894588174
g__CAG-791,0.3148148148148148,-0.8816093434889893,10,4,-4.381071668614092,-4.977027287948682,-0.5959556193345907,0.06569467762339626,0.16249999999999998,2,-0.005601339661978066,0.5,0.3104212564189482
g__Zag111,0.3288993218570684,-1.072592328579924,10,4,-4.366175002228154,-4.954429117656062,-0.5882541154279082,0.07592407592407593,0.17500000000000004,2,-0.0840051948243552,1.0,0.3104212564189482
g__UMGS1696,0.3774126238914972,-0.88887095738548,10,4,-4.395909554041017,-4.97821606227814,-0.5823065082371226,0.1568427944192416,0.23750000000000004,2,0.0017058520673511879,0.5,0.45403519846736395
g__Apopatocola,0.4637454355764216,-1.0195239038943908,10,4,-3.987411549242773,-4.566667009549943,-0.57925546030717,0.30369630369630374,0.30000000000000004,2,-0.0681396485507677,1.0,0.5970628011444339
g__Fimenecus,0.48695878977569135,-1.0692725357560806,10,4,-3.8415670596446,-4.39694874708168,-0.5553816874370803,0.07592407592407593,0.17500000000000004,2,-0.4020978116297731,1.0,0.3104212564189482
g__CAG-349,0.22483046426708403,-0.6829379662170467,10,4,-4.460340484093088,-4.991981803712708,-0.5316413196196201,0.027684363565594148,0.09999999999999998,2,-0.00614323064313238,0.5,0.28871128871128876
g__Brachyspira,0.19770474700052168,-0.6724928906388019,10,4,-4.484221664808297,-4.988858847699227,-0.5046371828909297,0.039428836145128175,0.125,2,-0.003951075016269456,0.5,0.28871128871128876
g__UBA4644,0.2725612936880543,-0.7068514063477238,10,4,-4.490154970338358,-4.980819521762143,-0.4906645514237855,0.10006932775452317,0.19999999999999996,2,0.0,,0.3600399600399601
g__CAG-238,0.37923839332290044,-0.734148894164055,10,4,-4.246079363296147,-4.7132072475959905,-0.46712788429984364,0.5394605394605395,0.375,2,-0.0657226199860017,1.0,0.7568159995344462
g__SFIE01,0.3255086071987481,-0.8545554807123246,10,4,-4.529540380565702,-4.994084380235325,-0.46454399966962256,0.05354235485767818,0.15000000000000002,2,0.0,,0.28871128871128876
g__Hominiventricola,0.5226917057902974,-0.9005892943024123,10,4,-4.004680651287658,-4.4667242811984185,-0.4620436299107604,0.2397602397602398,0.275,2,-0.17599430584888553,1.0,0.5249296158387068
g__CAG-605,0.25247782994261875,-0.6568076013394135,10,4,-4.404505385099014,-4.86239568375305,-0.45789029865403563,0.3216664654260851,0.3125,2,-0.004199131884866425,0.5,0.6156397914446264
g__Stercorousia,0.2754303599374022,-0.7552343752804385,10,4,-4.398728582607292,-4.843971017763869,-0.4452424351565769,0.1058941058941059,0.19999999999999996,2,-0.07815995315481539,1.0,0.3600399600399601
g__SFJ001,0.39567031820552956,-0.9243776353810249,10,4,-4.484905138475131,-4.9243058699557025,-0.43940073148057124,0.18781218781218784,0.25,2,-0.003704435060007061,0.5,0.46791139894588174
g__Agathobaculum,0.7556077203964529,0.14599437889427636,10,4,-3.2692353717022185,-3.700247880835633,-0.4310125091334145,0.7332667332667333,0.42500000000000004,2,-0.13285349303774296,0.5,0.8941522612408689
g__Campylobacter_D,0.10459050599895672,-0.34937218064635545,10,4,-4.566954462099394,-4.993329856548881,-0.4263753944494866,0.0738536194769799,0.17500000000000004,2,0.0,,0.3104212564189482
g__UBA737,0.39880020865936366,-0.9082465694579827,10,4,-4.1245884965199595,-4.52698852301144,-0.4024000264914802,0.3736263736263737,0.32499999999999996,2,-0.11315692885906126,1.0,0.6465749819043234
g__UMGS1668,0.25247782994261875,-0.6779828477546008,10,4,-4.6014823014252,-5.0,-0.3985176985747998,0.03597407097586841,0.125,2,0.0,,0.28871128871128876
g__Brotaphodocola,0.46739697443922806,-0.3807015559116138,10,4,-4.238413608400821,-4.627351461771113,-0.3889378533702921,0.4535464535464536,0.35,2,0.1372137034048564,1.0,0.7123637232332886
g__UMGS1865,0.23839332290036522,-0.5591580823134095,10,4,-4.582956349889442,-4.969297238798562,-0.3863408889091202,0.10349610651099661,0.19999999999999996,2,-0.06584887314675081,0.5,0.3600399600399601
g__UBA1740,0.1875326030255608,-0.4764055645312837,10,4,-4.617075742046643,-4.99490049116728,-0.377824749120637,0.05354235485767818,0.15000000000000002,2,0.0,,0.28871128871128876
g__Eshraghiella,0.4123630672926448,-1.3634633902697058,10,4,-4.266967226629979,-4.6405537448856045,-0.3735865182556255,0.14185814185814188,0.22499999999999998,2,-0.0019109171653219903,0.5,0.4183367652755408
g__CAG-475,0.13849765258215962,-0.3864233763713525,10,4,-4.609492848705049,-4.9800935909724675,-0.3706007422674187,0.04747047857496793,0.13749999999999996,2,-0.007668863850021523,0.5,0.28871128871128876
g__CAG-533,0.2120500782472614,-0.643508708600141,10,4,-4.533646221742839,-4.902751099156886,-0.3691048774140464,0.2397602397602398,0.275,2,-0.004292165049352814,0.5,0.5249296158387068
g__Faecalibacterium,0.9037558685446011,-0.36780188387427537,10,4,-1.619787341890948,-1.9881174186403898,-0.36833007674944174,0.5394605394605395,0.375,2,-0.3059142489066423,0.5,0.7568159995344462
g__Escherichia,0.5769431403234221,-0.4895306019843999,10,4,-3.6948380220131543,-4.0466067924838285,-0.35176877047067423,0.4535464535464536,0.35,2,0.40333052852641904,1.0,0.7123637232332886
g__Scatosoma,0.3030777256129369,-0.730462849884435,10,4,-4.600604274821319,-4.939133170300383,-0.3385288954790635,0.14185814185814188,0.22499999999999998,2,-0.04226476542882285,0.5,0.4183367652755408
g__Colivicinus,0.15910276473656754,-0.3916645716898506,10,4,-4.646835838160305,-4.983627670444164,-0.33679183228385945,0.05354235485767818,0.15000000000000002,2,0.0,,0.28871128871128876
g__CAG-390,0.20709441836202402,-0.5357686973056763,10,4,-4.605129978912737,-4.940874870652676,-0.3357448917399388,0.288313931666037,0.30000000000000004,2,-0.0013084354413410715,0.5,0.5786300434130882
g__CAG-115,0.34063641105894626,-0.7046109407481822,10,4,-4.28720634362362,-4.617671113955936,-0.33046477033231625,0.2397602397602398,0.275,2,-0.041678491832684905,1.0,0.5249296158387068
g__RUG572,0.11841418883672408,-0.36307399508180893,10,4,-4.678922336484325,-5.0,-0.3210776635156751,0.041473089749651616,0.15000000000000002,2,0.0,,0.28871128871128876
g__Angelakisella,0.4426186750130413,-0.9498641080012273,10,4,-3.970212002245315,-4.281720768365204,-0.3115087661198892,0.6353646353646354,0.4,2,-0.2091412748776369,1.0,0.8271188271188271
g__CAG-196,0.1191966614501826,-0.2885833517472829,10,4,-4.555821273682909,-4.8660699190965655,-0.3102486454136564,0.03596403596403597,0.125,2,-0.08834679211810137,1.0,0.28871128871128876
g__UBA3282,0.10641627543035996,-0.27823195265580836,10,4,-4.707060069199504,-4.998995920523242,-0.2919358513237382,0.05354235485767818,0.15000000000000002,2,0.0010040794767571803,0.5,0.28871128871128876
g__UMGS973,0.17631716223265523,-0.30664628598547683,10,4,-4.63838380483603,-4.927981976702172,-0.28959817186614245,0.4535464535464536,0.35,2,-0.004955784119830664,0.5,0.7123637232332886
g__CAG-590,0.17344809598330727,-0.4081634365525728,10,4,-4.6910930013403895,-4.979835067043625,-0.2887420657032358,0.04747047857496793,0.13749999999999996,2,-0.0030358723316594727,0.5,0.28871128871128876
g__CAG-877,0.15258215962441316,-0.46182345319396756,10,4,-4.697556867290277,-4.981294588587676,-0.28373772129739816,0.17719323521428243,0.25,2,-0.0007321427031294903,0.5,0.46791139894588174
g__Paratractidigestivibacter,0.28821074595722485,-0.42234923157791204,10,4,-4.40746158476254,-4.682428367924236,-0.27496678316169554,0.6710327367335699,0.4125,2,0.008791322570597337,0.5,0.8657520576607219
g__UMGS363,0.16692749087115286,-0.4755451044577361,10,4,-4.699537562447893,-4.970170688162012,-0.27063312571411924,0.06569467762339626,0.16249999999999998,2,-0.002668078693220277,0.5,0.3104212564189482
g__UBA1829,0.13171622326551907,-0.3492554040562501,10,4,-4.736277432284786,-4.9923805574862845,-0.25610312520149847,0.07580068952147731,0.17500000000000004,2,-0.06002509041941373,0.5,0.3104212564189482
g__UBA1259,0.1797078768909755,-0.4612861308708309,10,4,-4.747219570910968,-5.0,-0.2527804290890323,0.07733678360610474,0.1875,2,0.0,,0.3104212564189482
g__RUG563,0.12519561815336466,-0.2992854752634484,10,4,-4.744578129107744,-4.997149774674698,-0.2525716455669542,0.07580068952147731,0.17500000000000004,2,0.0009917740414278065,0.5,0.3104212564189482
g__Ruminococcus_F,0.10928534167970791,-0.24869606847814918,10,4,-4.722944912352402,-4.971855280668166,-0.24891036831576407,0.1058941058941059,0.19999999999999996,2,-0.001404794259701525,0.5,0.3600399600399601
g__Apopatosoma,0.14293166405842464,-0.37790587930892805,10,4,-4.745038156037576,-4.990500789096162,-0.24546263305858584,0.05354235485767818,0.15000000000000002,2,-0.05536447349194784,0.5,0.28871128871128876
g__SFMI01,0.278038601982264,-0.6268938251137772,10,4,-4.705584260815543,-4.944745593803793,-0.2391613329882496,0.2397602397602398,0.275,2,-0.00326112595629402,0.5,0.5249296158387068
g__Mitsuokella,0.27412623891497134,-0.7662884070906752,10,4,-4.708510896375547,-4.946895922249207,-0.23838502587366062,0.288313931666037,0.30000000000000004,2,-0.0004053637910090835,0.5,0.5786300434130882
g__SFEL01,0.2811684924360981,-0.4372045904687747,10,4,-4.519395342344792,-4.75699307457619,-0.23759773223139824,0.8391608391608392,0.44999999999999996,2,-0.04624426716266061,0.5,0.9291857567719636
g__Desulfovibrio,0.38080333854981746,-0.5120340213806873,10,4,-4.506020506627133,-4.743061782903766,-0.23704127627663318,0.3736263736263737,0.32499999999999996,2,-0.043865331892779746,0.5,0.6465749819043234
g__UBA6984,0.11189358372456967,-0.35547253072621743,10,4,-4.76253393957235,-4.986678270910581,-0.22414433133823053,0.05354235485767818,0.15000000000000002,2,0.0,,0.28871128871128876
g__Huintestinicola,0.20239958268127284,-0.5174309357738105,10,4,-4.49959162302249,-4.723016066522058,-0.22342444349956825,0.3736263736263737,0.32499999999999996,2,-0.0010530857513271208,0.5,0.6465749819043234
g__RUG472,0.11189358372456967,-0.2596429327505412,10,4,-4.771027537409926,-4.991769866331456,-0.22074232892153045,0.17719323521428243,0.25,2,0.0015685650554142505,0.5,0.46791139894588174
g__Phil1,0.24595722483046434,-0.5428822025978342,10,4,-4.586143503403271,-4.80688062196839,-0.22073711856511924,0.3736263736263737,0.32499999999999996,2,-0.11220030488976152,0.5,0.6465749819043234
g__Fimimonas,0.1413667188315076,-0.3437351478325166,10,4,-4.7815831768732675,-4.997457596331989,-0.21587441945872143,0.1288438618379244,0.22499999999999998,2,0.002542403668011506,0.5,0.4137319563462239
g__Oxalobacter,0.1841418883672405,-0.2544316883670339,10,4,-4.733751567197573,-4.946038006677041,-0.21228643947946768,0.9435660761939176,0.475,2,0.008782156249893536,0.5,0.9616932363411237
g__Lachnospira,0.7115284298382891,-0.9916990178436706,10,4,-3.2656608075728455,-3.473579177089238,-0.20791836951639242,0.5394605394605395,0.375,2,0.0820087866721948,1.0,0.7568159995344462
g__UBA3402,0.3847157016171101,-0.7746481125156723,10,4,-4.714803467015982,-4.9218771784336175,-0.2070737114176353,0.4535464535464536,0.35,2,0.01816276567354569,1.0,0.7123637232332886
g__Klebsiella,0.27934272300469487,-0.33544067186606785,10,4,-4.677763422130858,-4.883958753936048,-0.20619533180518967,0.20259495856820708,0.26249999999999996,2,-0.07961411541812691,0.5,0.49618595784925296
g__Onthocola_B,0.2798643714136672,-0.7653701639271153,10,4,-4.458038077799892,-4.662550751385068,-0.20451267358517633,0.5394605394605395,0.375,2,0.0049359529968495686,0.5,0.7568159995344462
g__CAG-1000,0.2008346374543558,-0.6437464375332889,10,4,-4.642146623967532,-4.843103351890726,-0.2009567279231934,0.524061926796431,0.375,2,-0.000667650786868812,0.5,0.7568159995344462
g__HGM11416,0.13119457485654673,-0.3278858166007286,10,4,-4.8011931794458675,-5.0,-0.19880682055413246,0.022516617529685354,0.09999999999999998,2,0.0,,0.2771628371628372
g__Ruminococcus_C,0.6001564945226917,-0.9203613427876438,10,4,-3.5376211624223037,-3.7270392692126704,-0.18941810679036664,0.7332667332667333,0.42500000000000004,2,-0.2213158186532247,1.0,0.8941522612408689
g__UBA2903,0.11789254042775173,-0.37727275001938754,10,4,-4.818278464955871,-5.0,-0.18172153504412858,0.041473089749651616,0.15000000000000002,2,0.0,,0.28871128871128876
g__PeH17,0.27438706311945754,-0.3679864739563188,10,4,-4.482156714381073,-4.657443122737432,-0.17528640835635922,0.7332667332667333,0.42500000000000004,2,-0.1349754171861024,1.0,0.8941522612408689
g__RUG705,0.1291079812206573,-0.35987769818225335,10,4,-4.79840056570451,-4.969678063112465,-0.17127749740795473,0.3168216232472898,0.3125,2,0.0010381043344778185,0.5,0.6104096607897783
g__UBA5905,0.1369327073552426,-0.29553786012158945,10,4,-4.828105914155481,-4.99875431582401,-0.17064840166852946,0.16942897280949032,0.25,2,0.001245684175990025,0.5,0.46791139894588174
g__UBA2883,0.10615545122587379,-0.3346174115473106,10,4,-4.831359787100342,-5.0,-0.1686402128996578,0.05086884997637205,0.15000000000000002,2,0.0,,0.28871128871128876
g__Merdivicinus,0.20005216484089727,-0.41706710839985117,10,4,-4.777352600352173,-4.943664622938704,-0.16631202258653133,0.567317822642722,0.38749999999999996,2,0.003012483631492646,0.5,0.7920524190519163
g__Ruminococcus,0.3320292123109025,-0.8126971992211018,10,4,-4.57046603401189,-4.735720022798526,-0.16525398878663644,0.5394605394605395,0.375,2,0.0017054292584326447,0.5,0.7568159995344462
g__Veillonella,0.42879499217527395,-0.6876505146658998,10,4,-4.43685232974682,-4.599463659437159,-0.1626113296903391,0.5394605394605395,0.375,2,-0.01749936557094678,0.5,0.7568159995344462
g__Haemophilus_D,0.4160146061554513,-1.0136594592320236,10,4,-4.536902249480134,-4.6980760893955615,-0.16117383991542766,0.8391608391608392,0.44999999999999996,2,0.08375030249210358,1.0,0.9291857567719636
g__CAG-269,0.523474178403756,-1.1065816783257199,10,4,-3.2693183837180566,-3.428458823881171,-0.15914044016311424,0.4535464535464536,0.35,2,-0.23967251470309492,1.0,0.7123637232332886
g__CAG-194,0.2983828899321857,-0.5475650414781752,10,4,-4.565571629520506,-4.7235392629053425,-0.15796763338483633,0.7332667332667333,0.42500000000000004,2,-0.0430647341868271,0.5,0.8941522612408689
g__UBA1234,0.10146061554512262,-0.29533106643308216,10,4,-4.845118417161029,-5.0,-0.15488158283897135,0.07733678360610474,0.1875,2,0.0,,0.3104212564189482
g__CAG-632,0.13536776212832552,-0.3423208023239708,10,4,-4.829749831505369,-4.978263339509311,-0.14851350800394236,0.07580068952147731,0.17500000000000004,2,0.0020455734278028714,0.5,0.3104212564189482
g__CAG-568,0.21074595722483053,-0.7164176969110674,10,4,-4.833861800288995,-4.982242306066068,-0.14838050577707307,0.269606104568209,0.30000000000000004,2,0.11515711791130867,0.5,0.5729129722074441
g__Lawsonibacter,0.6833594157537819,-0.5871300623731184,10,4,-3.8727947180331013,-4.016758757385768,-0.14396403935266644,0.8391608391608392,0.44999999999999996,2,0.15206638173235687,0.5,0.9291857567719636
g__UMGS2037,0.1476264997391758,-0.32655215333024845,10,4,-4.837578068756805,-4.978636203585154,-0.1410581348283486,0.19808948186001252,0.26249999999999996,2,0.0011949824132679865,0.5,0.4892979509191762
g__Jutongia,0.34402712571726657,-0.7366915967567227,10,4,-4.603317755260968,-4.742770716387572,-0.13945296112660355,0.4535464535464536,0.35,2,0.016029816839977507,1.0,0.7123637232332886
g__CAAFZY01,0.10146061554512262,-0.29136171514383324,10,4,-4.864837875132535,-5.0,-0.13516212486746504,0.041473089749651616,0.15000000000000002,2,0.0,,0.28871128871128876
g__Merdousia,0.11215440792905584,-0.292381685289941,10,4,-4.86123985014629,-4.9953682262685355,-0.13412837612224582,0.10006932775452317,0.19999999999999996,2,-0.0028507507400221677,0.5,0.3600399600399601
g__CAG-1193,0.13145539906103287,-0.3680814720526868,10,4,-4.846070840539131,-4.977336124800396,-0.13126528426126516,0.47460430954385735,0.36250000000000004,2,0.0010518015358313981,0.5,0.7414088943685123
g__W0P33-017,0.16718831507563903,-0.40997150532557747,10,4,-4.861290843068549,-4.991916702215179,-0.1306258591466305,0.07580068952147731,0.17500000000000004,2,0.0010119788701157262,0.5,0.3104212564189482
g__Enterobacter,0.17918622848200316,-0.3384815271311652,10,4,-4.782089860401221,-4.907746354459103,-0.12565649405788193,0.05394605394605395,0.15000000000000002,2,-0.01387277850050328,0.5,0.28871128871128876
g__CAG-273,0.14475743348982786,-0.2077256799917997,10,4,-4.73009355553792,-4.8514088385679806,-0.12131528303006078,0.6353646353646354,0.4,2,-0.07842737289919022,1.0,0.8271188271188271
g__CAG-177,0.4517475221700574,-1.0627297568165375,10,4,-4.120465709913942,-4.240960880599806,-0.12049517068586368,0.4535464535464536,0.35,2,-0.12964505207665278,0.5,0.7123637232332886
g__Megasphaera,0.26760563380281693,-0.6519166138761445,10,4,-4.730154051954342,-4.839379394424373,-0.10922534247003135,0.620233408980597,0.4,2,-0.03330655639911084,0.5,0.8271188271188271
g__Scatousia,0.1025039123630673,-0.3152905493437661,10,4,-4.890056534339511,-4.998668948885625,-0.10861241454611381,0.16942897280949032,0.25,2,-0.0047980655672734684,0.5,0.46791139894588174
g__Flemingiibacterium,0.3252477829942619,-0.6140578706505666,10,4,-4.758307199242287,-4.866639128195061,-0.10833192895277399,0.7225013468009336,0.42500000000000004,2,0.0063889529666547595,0.5,0.8941522612408689
g__CAG-882,0.23839332290036522,-0.47113594295105266,10,4,-4.570095240119251,-4.678046577156584,-0.10795133703733306,0.8391608391608392,0.44999999999999996,2,0.1905094175380908,1.0,0.9291857567719636
g__Ligilactobacillus,0.22013562858633284,-0.15789495259189312,10,4,-4.694005972426536,-4.800069794167676,-0.10606382174113982,0.6353646353646354,0.4,2,-0.24150104605357647,0.5,0.8271188271188271
g__CAG-841,0.1400625978090767,-0.4350230760852032,10,4,-4.857141377702425,-4.9626852739534755,-0.1055438962510502,0.27802390634565954,0.30000000000000004,2,0.0,,0.5780497045604001
g__Neoclostridium,0.10928534167970791,-0.23957000647954718,10,4,-4.8886550400810425,-4.992161565289571,-0.10350652520852854,0.3168216232472898,0.3125,2,0.0010518015358313981,0.5,0.6104096607897783
g__Mogibacterium_A,0.11971830985915496,-0.15290651785371256,10,4,-4.750207114046127,-4.851672559867577,-0.10146544582145012,0.2867160446257716,0.30000000000000004,2,-0.0539156268917349,0.5,0.5786300434130882
g__Coprococcus_C,0.4522691705790298,-0.9825595322883496,10,4,-4.180195115653753,-4.281550752077798,-0.10135563642404488,0.3736263736263737,0.32499999999999996,2,-0.2572544756993045,1.0,0.6465749819043234
g__UMGS1338,0.13171622326551907,-0.2909411793291339,10,4,-4.88186712463979,-4.978726869212241,-0.09685974457245106,0.3558476245536135,0.32499999999999996,2,0.00045907518967380767,0.5,0.6465749819043234
g__CAG-611,0.12441314553990614,-0.3266795862778862,10,4,-4.822581085622459,-4.916767678833589,-0.09418659321112965,0.6190727632237198,0.4,2,-0.0022477021343494386,0.5,0.8271188271188271
g__CAG-452,0.12780386019822643,-0.36660090783948807,10,4,-4.85164706532496,-4.9433734977426464,-0.09172643241768608,0.524061926796431,0.375,2,-0.0016805654992522179,0.5,0.7568159995344462
g__SFHK01,0.12728221178925408,-0.30538075837003653,10,4,-4.887601490320007,-4.9769619034794665,-0.08936041315945964,0.39088738721364824,0.3375,2,-0.0018643381599923181,0.5,0.672419374433002
g__UMGS1781,0.1205007824726135,-0.33816740058070316,10,4,-4.801595940662487,-4.88905297239852,-0.08745703173603303,0.524061926796431,0.375,2,0.003599853254285801,0.5,0.7568159995344462
g__UBA1206,0.2243088158581117,-0.5012437580652325,10,4,-4.861328452454316,-4.948555757537671,-0.08722730508335452,0.3574417987029297,0.32499999999999996,2,-0.003807742034617867,0.5,0.6465749819043234
g__UMGS902,0.1987480438184664,-0.4329152160289791,10,4,-4.743050707468072,-4.826619022249142,-0.08356831478107019,0.5394605394605395,0.375,2,-0.009947442722490152,0.5,0.7568159995344462
g__Sarcina,0.1776212832550861,-0.17928437869134672,10,4,-4.843731895550281,-4.926515995752391,-0.08278410020210991,0.6679198796356516,0.4125,2,-0.01948975250529683,0.5,0.8656002027565171
g__Sutterella,0.25899843505477316,-0.465527937318007,10,4,-4.4017359762461865,-4.47952795259732,-0.07779197635113366,0.945054945054945,0.525,2,-0.6529440159331314,0.5,0.9616932363411237
g__Enterosoma,0.11267605633802819,-0.3379722155242453,10,4,-4.9254659754265955,-5.0,-0.07453402457340452,0.07169120089993014,0.19999999999999996,2,0.0,,0.3104212564189482
g__Aphodomonas,0.12258737610850291,-0.26252109122336265,10,4,-4.892143269651088,-4.966627400661141,-0.07448413101005258,0.43465009302895774,0.35,2,0.005703956404697674,0.5,0.7123637232332886
g__Alloscybalousia,0.1280646844027126,-0.25220444182800605,10,4,-4.815160818057638,-4.882176090356557,-0.06701527229891902,0.9435660761939176,0.525,2,-0.13106790730017037,0.5,0.9616932363411237
g__CAG-449,0.27699530516431925,-0.6310946156640966,10,4,-4.91330455543595,-4.978119002614064,-0.06481444717811424,0.33868129074262643,0.32499999999999996,2,0.09051238125642369,0.5,0.6397313269582944
g__CAG-313,0.1554512258737611,-0.3696533655356786,10,4,-4.885795348368261,-4.948212605200939,-0.06241725683267774,0.8862889711360835,0.4625,2,0.002553166764780457,0.5,0.9616932363411237
g__UBA6448,0.16014606155451228,-0.4798985522183701,10,4,-4.896464627124333,-4.951783440713603,-0.05531881358927038,0.30369630369630374,0.30000000000000004,2,-0.00044664217002976514,0.5,0.5970628011444339
g__ECMA0423,0.2519561815336464,-0.25001005073745297,10,4,-4.6944441198519105,-4.746852733664788,-0.05240861381287765,0.8318218743964246,0.44999999999999996,2,0.3144672708183056,1.0,0.9291857567719636
g__RUG11198,0.13223787167449141,-0.26068720564421977,10,4,-4.825966585594523,-4.876399131626773,-0.05043254603224945,0.7233819363305395,0.42500000000000004,2,0.0007794997280727856,0.5,0.8941522612408689
g__Allocoprococcus,0.6964006259780908,-0.11350156177760606,10,4,-3.658508479258997,-3.708521546588062,-0.0500130673290653,0.6353646353646354,0.6,2,-0.23330821596142903,1.0,0.8271188271188271
g__CAG-582,0.14971309337506522,-0.3553303534823291,10,4,-4.785699790401889,-4.834555285009656,-0.048855494607766836,0.831271836413386,0.44999999999999996,2,-0.06272480898682886,1.0,0.9291857567719636
g__COE1,0.34428794992175277,-0.7427324090989869,10,4,-4.711310817998728,-4.759128948035981,-0.04781813003725244,0.4535464535464536,0.35,2,0.1411675196252138,0.5,0.7123637232332886
g__CAKQOE01,0.21517996870109551,-0.3983086263071609,10,4,-4.927526979175074,-4.972926270307191,-0.04539929113211727,0.8862889711360835,0.4625,2,-0.004572023434525896,0.5,0.9616932363411237
g__Coprococcus,0.5430359937402192,-0.9370529165195189,10,4,-3.646324255815869,-3.6902594245016997,-0.043935168685830917,0.945054945054945,0.525,2,-0.4103348091360888,1.0,0.9616932363411237
g__Dialister,0.6251956181533647,-1.3341917773287717,10,4,-3.6064426021722045,-3.6494657256333936,-0.04302312346118908,0.4535464535464536,0.35,2,0.11982321534776608,0.5,0.7123637232332886
g__UBA644,0.12832550860719877,-0.20241977439086334,10,4,-4.77370477728059,-4.816636135376436,-0.04293135809584658,0.9435660761939176,0.525,2,0.0024986758832161726,0.5,0.9616932363411237
g__Ventricola,0.5918101199791341,-0.2617456469575168,10,4,-3.926559931301565,-3.9666522977513603,-0.040092366449795414,1.0,0.5,2,-0.0357576106515376,0.5,1.0
g__UMGS1766,0.11763171622326554,0.049810613466453546,10,4,-4.836790102912504,-4.876076540841616,-0.03928643792911224,0.831271836413386,0.44999999999999996,2,-0.00037365923050458605,0.5,0.9291857567719636
g__RGIG3102,0.3419405320813772,-0.7218680989556034,10,4,-4.8560547391137145,-4.893675111310765,-0.0376203721970505,0.7225013468009336,0.42500000000000004,2,0.0010491194787007885,0.5,0.8941522612408689
g__Spyradocola,0.3140323422013563,-0.5752033291992777,10,4,-4.894737266997173,-4.92423824713139,-0.02950098013421698,1.0,0.5,2,-0.005558470070119004,0.5,1.0
g__Pararoseburia,0.3085550339071466,-0.5164637981756872,10,4,-4.883982516662822,-4.912589007327783,-0.028606490664961015,0.8391608391608392,0.44999999999999996,2,-0.04968903659683788,0.5,0.9291857567719636
g__Methanocatella,0.43088158581116337,-0.5942386342253445,10,4,-4.390678863338032,-4.418388337047245,-0.02770947370921384,0.8318218743964246,0.44999999999999996,2,-0.12690152272113853,0.5,0.9291857567719636
g__UBA11512,0.12676056338028174,-0.28206215876831564,10,4,-4.953175178146413,-4.980388931028198,-0.02721375288178507,0.8282443241470813,0.44999999999999996,2,0.0015133805062070849,0.5,0.9291857567719636
g__CAG-710,0.12702138758476791,-0.3564269969121119,10,4,-4.904316040967933,-4.915672422385966,-0.011356381418033301,0.8282443241470813,0.44999999999999996,2,0.0,,0.9291857567719636
g__CAG-465,0.16953573291601465,-0.3897806128511636,10,4,-4.718950890217906,-4.727684611146357,-0.008733720928450595,0.9435660761939176,0.475,2,0.004758105436095228,0.5,0.9616932363411237
g__CAKRPJ01,0.13067292644757436,-0.2662054433579,10,4,-4.992377592628916,-5.0,-0.007622407371083995,0.2729448951546072,0.3125,2,0.0,,0.5757742678808867
g__CAG-628,0.1455399061032864,-0.38604475414864403,10,4,-4.881412139764933,-4.886615352632203,-0.005203212867270324,0.7332667332667333,0.42500000000000004,2,-0.0024864617696711555,0.5,0.8941522612408689
g__Allisonella,0.10459050599895672,-0.15991617051916496,10,4,-4.973522321781364,-4.978590291608181,-0.005067969826816565,0.7684583572208752,0.5625,2,-0.011259324341577948,0.5,0.9291857567719636
g__DNVW01,0.11345852895148673,-0.2396148600321828,10,4,-4.9178697288244315,-4.922663320238184,-0.004793591413752907,0.945054945054945,0.475,2,-0.006594314540213642,0.5,0.9616932363411237
g__RGIG1902,0.14840897235263434,-0.2806825663552406,10,4,-5.0,-5.0,0.0,1.0,0.48750000000000004,2,0.0,,1.0
g__Coprococcus_A,0.5166927490871154,-0.042460967149973605,10,4,-4.134947634062293,-4.13137089549166,0.003576738570632898,0.945054945054945,0.525,2,-0.058946656072153436,0.5,0.9616932363411237
g__Neoanaerotignum_A,0.2083985393844549,-0.38185109942835727,10,4,-4.998534796212462,-4.988609004008173,0.009925792204289685,0.9398089715070203,0.525,2,-0.001465203787537117,0.5,0.9616932363411237
g__UMGS1491,0.22143974960876373,-0.5752788289078268,10,4,-4.924574320686812,-4.913073207969217,0.011501112717595241,0.8391608391608392,0.44999999999999996,2,-0.0013905594054648418,0.5,0.9291857567719636
g__V9D3004,0.23030777256129376,-0.4106458983803334,10,4,-4.877068216868404,-4.864306278695356,0.012761938173047938,0.830155374928245,0.55,2,0.0044888252866792655,0.5,0.9291857567719636
g__Mediterraneibacter_A,0.143453312467397,0.008389585713878489,10,4,-4.832878308004506,-4.817608233186569,0.01527007481793774,0.8862889711360835,0.5375,2,-0.013683504081553277,0.5,0.9616932363411237
g__UMGS1312,0.10772039645279086,-0.15353221967059927,10,4,-4.8609663715604565,-4.8428289846495485,0.01813738691090805,0.8318218743964246,0.55,2,0.010241184379599755,0.5,0.9291857567719636
g__UMGS1820,0.17370892018779344,-0.3389631089505718,10,4,-4.771352922614135,-4.749991646252193,0.02136127636194196,1.0,0.5,2,0.0012476025070093932,0.5,1.0
g__QAKL01,0.11319770474700054,-0.1948750909021184,10,4,-5.0,-4.978571551393014,0.021428448606985562,0.4967643189534031,0.625,2,0.000987518389415687,0.5,0.7568159995344462
g__UBA6398,0.24387063119457492,-0.6791816097604677,10,4,-4.863933743665947,-4.836846265665562,0.027087478000384912,0.8318218743964246,0.44999999999999996,2,0.0031672215852713848,0.5,0.9291857567719636
g__Limiplasma,0.2965571205007825,0.0270276308850681,10,4,-4.524255508410473,-4.492220444715379,0.032035063695094124,0.945054945054945,0.525,2,-0.009737692227085759,0.5,0.9616932363411237
g__UMGS1663,0.125717266562337,-0.2472685517687241,10,4,-4.890109383033673,-4.855252603940819,0.034856779092853785,0.831271836413386,0.55,2,0.0071353515191288075,0.5,0.9291857567719636
g__JAZOXB01,0.4376630151278039,-0.44882142622774257,10,4,-4.110814772369577,-4.070554025661405,0.0402607467081717,1.0,0.5,2,0.19173692492084404,1.0,1.0
g__Fimivicinus,0.11137193531559732,0.5642532889248333,10,4,-5.0,-4.958839006058135,0.04116099394186534,0.24955808881021502,0.675,2,0.07477059973131972,1.0,0.542272839595129
g__UMGS911,0.13719353155972877,-0.16568336266746897,10,4,-4.78718117244839,-4.743905320618417,0.04327585182997318,0.7233819363305395,0.575,2,-0.028685141843816098,0.5,0.8941522612408689
g__Egerieenecus,0.2167449139280126,-0.08863481290190389,10,4,-4.731751542721845,-4.687719606035461,0.04403193668638394,0.4361720023365777,0.65,2,-0.03377616834414221,0.5,0.7123637232332886
g__Roseburia,0.9387063119457488,-0.299250363097624,10,4,-1.9202853626946403,-1.8750583977012876,0.04522696499335277,0.7332667332667333,0.42500000000000004,2,-0.2868945470658226,1.0,0.8941522612408689
g__Ventrenecus,0.12284820031298908,-0.22202998636558746,10,4,-4.896260649233973,-4.848531784822391,0.04772886441158164,0.6190727632237198,0.6,2,-1.2580834046538314e-05,0.5,0.8271188271188271
g__Laedolimicola,0.24700052164840905,-0.2587377495731058,10,4,-4.775108166697006,-4.726413359537057,0.048694807159948894,0.945054945054945,0.525,2,0.0833645088880024,1.0,0.9616932363411237
g__Aphodocola,0.24152321335419935,-0.5409179908037149,10,4,-4.695367103432124,-4.64597658673429,0.04939051669783456,0.7332667332667333,0.42500000000000004,2,-0.13879046605223566,0.5,0.8941522612408689
g__UMGS995,0.12180490349504437,-0.2275352225459768,10,4,-4.920897117522566,-4.870805569048914,0.05009154847365238,0.831271836413386,0.55,2,-0.05180988726784097,0.5,0.9291857567719636
g__Enterococcus_B,0.12180490349504437,0.19803495134058746,10,4,-4.847508100490494,-4.79639725918609,0.051110841304403465,0.945054945054945,0.525,2,0.06351222729811168,0.5,0.9616932363411237
g__Faecivicinus,0.17031820552947313,0.054535662337018564,10,4,-4.795138174283471,-4.736817024138109,0.05832115014536221,0.8874141186934497,0.5375,2,-0.0023970973291063125,0.5,0.9616932363411237
g__CAG-793,0.13145539906103287,-0.2830889223626931,10,4,-4.928596103768686,-4.8695088045434645,0.05908729922522138,0.7225013468009336,0.575,2,-0.005275643013047837,0.5,0.8941522612408689
g__HGM13006,0.130151278038602,0.20011069792745317,10,4,-4.84201506394324,-4.779169694069669,0.06284536987357114,0.8391608391608392,0.44999999999999996,2,0.048601284924979726,0.5,0.9291857567719636
g__UMGS882,0.1377151799687011,-0.24224901794065268,10,4,-4.942081313587486,-4.877938736377518,0.0641425772099673,0.6167192811324703,0.6,2,-0.0003749195149347351,0.5,0.8271188271188271
g__Anaerotignum_A,0.2996870109546166,-0.39111366525506863,10,4,-4.588917367103145,-4.524359273512864,0.06455809359028031,0.945054945054945,0.475,2,0.055105120342035185,1.0,0.9616932363411237
g__Frisingicoccus,0.11032863849765262,0.43436067526593014,10,4,-5.0,-4.930889909049579,0.06911009095042076,0.3299168649699181,0.65,2,-0.012460275553352052,0.5,0.6272761445809628
g__Onthousia,0.17370892018779344,-0.28754117449733574,10,4,-4.736748170541187,-4.661666034881478,0.07508213565970934,0.524061926796431,0.625,2,-0.0022294566720182374,0.5,0.7568159995344462
g__Clostridium,0.6124152321335421,-0.38638887706818537,10,4,-3.881000024065628,-3.799457311755436,0.08154271231019194,0.5394605394605395,0.625,2,-0.2668540793933616,1.0,0.7568159995344462
g__Roseburia_C,0.372717788210746,-0.5629274267769073,10,4,-4.364547903964611,-4.274699990473413,0.08984791349119803,0.8391608391608392,0.44999999999999996,2,-0.19628741051582033,1.0,0.9291857567719636
g__CAG-307,0.1324986958789776,-0.2798452629344492,10,4,-4.9938464379625636,-4.89810686468188,0.09573957328068339,0.6126982787837596,0.6,2,0.004342134308210621,0.5,0.8271188271188271
g__Parolsenella,0.1997913406364111,-0.25562411873411506,10,4,-4.843688662123317,-4.737555158207048,0.10613350391626941,0.774875774547531,0.5625,2,0.011182493940241844,0.5,0.9291857567719636
g__CAG-492,0.2483046426708399,-0.5683418708786991,10,4,-4.688063138098503,-4.58045240944891,0.10761072864959331,0.945054945054945,0.525,2,0.0036748288978976085,0.5,0.9616932363411237
g__Clostridium_AP,0.13223787167449141,0.5499545944674402,10,4,-5.0,-4.890040829336297,0.10995917066370264,0.08352960935766572,0.775,2,-0.041352319592199205,0.5,0.33068571375843003
g__CAG-302,0.3508085550339072,-0.8027085017339246,10,4,-4.342508788420499,-4.227395832179211,0.11511295624128781,0.945054945054945,0.525,2,-0.25808986200541506,0.5,0.9616932363411237
g__Negativibacillus,0.2592592592592593,0.11522014323769003,10,4,-4.729705512867377,-4.6021138021982,0.12759171066917663,0.5151358973368696,0.625,2,-0.08938043675072604,0.5,0.7568159995344462
g__CAG-217,0.3064684402712572,-0.34074344432462134,10,4,-4.463670190454562,-4.328318831441436,0.1353513590131259,0.8391608391608392,0.55,2,-0.19865679795254598,1.0,0.9291857567719636
g__Anthropogastromicrobium,0.3330725091288472,0.3138257958143429,10,4,-4.3554970344853325,-4.220052210426313,0.1354448240590198,0.4535464535464536,0.65,2,0.00646054777038918,0.5,0.7123637232332886
g__Otoolea,0.5631194574856546,-0.18320190476053444,10,4,-4.464630269132353,-4.324463088057826,0.14016718107452775,0.945054945054945,0.475,2,0.17339983675106296,0.5,0.9616932363411237
g__Onthomonas,0.28377673448095986,0.027253680296221106,10,4,-4.823853023113113,-4.6670424964605335,0.15681052665257944,0.3736263736263737,0.675,2,-0.05479152193262671,0.5,0.6465749819043234
g__Butyribacter,0.47104851330203457,-0.5313537793855398,10,4,-4.610745611783736,-4.438345561808276,0.17240004997545988,0.3736263736263737,0.675,2,0.09796642897381291,0.5,0.6465749819043234
g__Clostridium_AQ,0.15388628064684404,0.6321652605742418,10,4,-5.0,-4.819660927953439,0.18033907204656074,0.009761938482323401,0.925,2,0.0019934287235321424,0.5,0.2771628371628372
g__Hominisplanchenecus,0.2772561293688055,0.01845143703852603,10,4,-4.490937734876671,-4.310227855988682,0.18070987888798928,0.3736263736263737,0.675,2,-0.28247575289071536,1.0,0.6465749819043234
g__Sellimonas,0.12102243088158585,0.5480212445053265,10,4,-5.0,-4.818601238194375,0.18139876180562542,0.006538914585109433,0.925,2,0.0070242039262296,0.5,0.2771628371628372
g__Rothia,0.10980699008868025,0.16128209962169482,10,4,-4.926725312401807,-4.741357050755617,0.18536826164618958,0.2397602397602398,0.725,2,0.025218623218973057,0.5,0.5249296158387068
g__CAG-433,0.29499217527386545,-0.6818655159819542,10,4,-4.7197509646010625,-4.522093463315263,0.19765750128579906,0.7332667332667333,0.575,2,-0.1304453817872262,1.0,0.8941522612408689
g__Fimadaptatus,0.1171100678142932,0.012992677082256598,10,4,-4.940594703077611,-4.740919913549437,0.1996747895281743,0.16942897280949032,0.75,2,-0.020410880857316016,0.5,0.46791139894588174
g__Bilophila,0.2021387584767867,0.07713919662051705,10,4,-4.800798518173179,-4.599023185721261,0.20177533245191803,0.5711843660512971,0.6125,2,0.15082671483059107,0.5,0.7936167393693503
g__UBA4285,0.2086593635889411,-0.191898733710806,10,4,-5.0,-4.783475423655382,0.21652457634461797,0.269606104568209,0.7,2,-0.03415489112720005,0.5,0.5729129722074441
g__UBA11524,0.3836724047991654,-0.5835263085221518,10,4,-4.263269737725722,-4.045537388291994,0.217732349433728,0.8391608391608392,0.44999999999999996,2,-0.3055054366509795,1.0,0.9291857567719636
g__Gallintestinimicrobium,0.46817944705268655,-0.14016157691023245,10,4,-4.173693445507796,-3.9541880444481157,0.21950540105968042,0.4535464535464536,0.65,2,-0.07889154466794013,1.0,0.7123637232332886
g__Metalachnospira,0.3015127803860198,-0.4258715023486861,10,4,-4.93288276281573,-4.711009449645482,0.2218733131702475,0.21891997709256306,0.725,2,-0.00029939598739980866,0.5,0.5249296158387068
g__Porcipelethomonas,0.1238914971309338,0.28609729141821205,10,4,-4.923253735488917,-4.693299119027503,0.22995461646141369,0.524061926796431,0.625,2,-0.05507317393072997,0.5,0.7568159995344462
g__Schaedlerella,0.3205529473135107,0.3989228150378423,10,4,-4.425690147690999,-4.191227822327592,0.23446232536340705,0.5394605394605395,0.625,2,0.029331740794389827,0.5,0.7568159995344462
g__Hominibacterium,0.11111111111111113,0.39456054008331076,10,4,-5.0,-4.76414138503354,0.23585861496646032,0.015201834194293018,0.9,2,-0.007683790678501445,0.5,0.2771628371628372
g__Terrisporobacter,0.15388628064684404,0.21966579757727622,10,4,-4.7974314394128506,-4.553919406512628,0.24351203290022294,0.27802390634565954,0.7,2,-0.023102348820217333,0.5,0.5780497045604001
g__Lactococcus,0.17709963484611374,0.04347225741128202,10,4,-4.791916503153196,-4.543341828615359,0.24857467453783677,0.2867160446257716,0.7,2,-0.04618144719685846,0.5,0.5786300434130882
g__Ruminiclostridium_E,0.43531559728742836,-0.3268827394798932,10,4,-4.20825427133828,-3.904543057369061,0.3037112139692191,0.5394605394605395,0.625,2,-0.11877657485160853,1.0,0.7568159995344462
g__Alitiscatomonas,0.11424100156494525,0.39896742401722207,10,4,-5.0,-4.68885979669953,0.31114020330046976,0.5835868594579661,0.6,2,0.11062008766341158,0.5,0.8069693893940295
g__CAG-103,0.6502347417840376,-0.9404248271385742,10,4,-3.944343924123274,-3.632505056200066,0.3118388679232078,0.945054945054945,0.475,2,0.058814976123761076,0.5,0.9616932363411237
g__Faecalimonas,0.15675534689619197,0.5493714283969711,10,4,-4.9368470529517525,-4.624522844534152,0.3123242084176008,0.10349610651099661,0.8,2,-0.10155506425678351,1.0,0.3600399600399601
g__Ellagibacter,0.34063641105894626,-0.45960004478962,10,4,-4.683303474834229,-4.3694154985560365,0.31388797627819276,0.945054945054945,0.475,2,-0.0582459480389379,0.5,0.9616932363411237
g__Ruminococcoides,0.7540427751695358,-0.5705261132150143,10,4,-2.798984118408825,-2.4800815333038715,0.3189025851049534,0.5394605394605395,0.625,2,-0.030741351936153904,0.5,0.7568159995344462
g__Pullichristensenella,0.10719874804381849,0.395725633067034,10,4,-5.0,-4.667835519297544,0.3321644807024562,0.15867666105606837,0.7375,2,-0.061385411267954826,0.5,0.45403519846736395
g__CAJFUR01,0.12728221178925408,0.27497166368711934,10,4,-5.0,-4.6644414460221695,0.3355585539778305,0.09050227026701316,0.8,2,-0.011572240275488088,0.5,0.3534480555022541
g__Eubacterium_I,0.2574334898278561,0.5051716969421811,10,4,-4.623118703639438,-4.281629526598598,0.3414891770408399,0.6353646353646354,0.6,2,-0.17227976852949922,0.5,0.8271188271188271
g__Eisenbergiella,0.12728221178925408,0.5392086124249067,10,4,-5.0,-4.652813327244208,0.3471866727557922,0.019242017100702835,0.9,2,0.035424659801087444,0.5,0.2771628371628372
g__Slackia,0.3109024517475222,-0.03750648863395423,10,4,-4.588871051490667,-4.2408252869120595,0.3480457645786075,0.3574417987029297,0.675,2,-0.034927583397958095,0.5,0.6465749819043234
g__Butyricimonas,0.2230046948356808,-0.24580874248495732,10,4,-4.79141930043724,-4.443126300712884,0.34829299972435557,0.4361720023365777,0.65,2,-0.039613777466553035,1.0,0.7123637232332886
g__Actinomyces,0.1215440792905582,0.43815685570727414,10,4,-5.0,-4.629486120824493,0.3705138791755074,0.1128052899957677,0.775,2,0.022247158394948396,0.5,0.37907824196252166
g__Collinsella,0.8479394887845594,0.4520865180496747,10,4,-2.665508898631957,-2.288037691992077,0.37747120663987976,0.2397602397602398,0.725,2,-0.6032387449569776,1.0,0.5249296158387068
g__Marvinbryantia,0.1476264997391758,0.16080091490172332,10,4,-4.812833847446926,-4.4263912661949725,0.38644258125195385,0.7770587564436316,0.5625,2,-0.003796253579440023,0.5,0.9291857567719636
g__Gemmiger,0.8781950965049559,0.1593304574555785,10,4,-2.584121512930774,-2.1934412635312857,0.3906802493994883,0.3736263736263737,0.675,2,-0.3093242132925351,1.0,0.6465749819043234
g__CAG-245,0.37715179968701096,-0.7949776820774646,10,4,-4.5580976375376,-4.156391419172631,0.40170621836496867,0.945054945054945,0.525,2,0.14051607509906638,1.0,0.9616932363411237
g__Turicibacter,0.14658320292123111,0.31566833543837003,10,4,-4.868549994340876,-4.431940781382972,0.43660921295790445,0.1288438618379244,0.775,2,-0.033730426572800454,0.5,0.4137319563462239
g__Blautia,0.2845592070944184,1.2236771480403061,10,4,-4.729650986333945,-4.265567258985875,0.46408372734806935,0.4535464535464536,0.65,2,-0.004461833455876807,0.5,0.7123637232332886
g__Phascolarctobacterium,0.12310902451747525,0.366223358745005,10,4,-4.931514372067403,-4.463597604526868,0.4679167675405349,0.3168216232472898,0.6875,2,0.1046855488602545,1.0,0.6104096607897783
g__Odoribacter,0.26760563380281693,-0.22731363032229002,10,4,-4.598749492563821,-4.127539033950201,0.4712104586136192,0.620233408980597,0.6,2,-0.029316571560041194,1.0,0.8271188271188271
g__Evtepia,0.5618153364632238,0.9433087566292979,10,4,-4.18159870616266,-3.691836653940679,0.4897620522219812,0.5394605394605395,0.625,2,-0.05612751448776088,0.5,0.7568159995344462
g__Parabacteroides,0.6377151799687011,-0.12317977758524945,10,4,-3.5741580286432546,-3.0659118430838443,0.5082461855594103,0.5394605394605395,0.625,2,0.16299679248350452,1.0,0.7568159995344462
g__Limivivens,0.23552425665101728,0.5077859280426802,10,4,-4.759738893927958,-4.248403646642087,0.5113352472858708,0.18781218781218784,0.75,2,0.03522940245408579,0.5,0.46791139894588174
g__Acutalibacter,0.1844027125717267,0.7409346049617112,10,4,-5.0,-4.478630378628457,0.5213696213715426,0.15867666105606837,0.7375,2,-0.08128593425053965,0.5,0.45403519846736395
g__Monoglobus,0.11658841940532085,0.5283860529768676,10,4,-5.0,-4.475290931949532,0.524709068050468,0.03352785107716832,0.8125,2,0.004760051671582222,0.5,0.28871128871128876
g__Intestinibacter,0.27464788732394374,0.40386108744533544,10,4,-4.662348630025469,-4.132098159489928,0.5302504705355409,0.07580068952147731,0.825,2,0.054345794305848294,0.5,0.3104212564189482
g__Eubacterium_F,0.495305164319249,-0.49585338006648616,10,4,-4.3263298684027225,-3.7905985739029413,0.5357312944997812,0.6353646353646354,0.6,2,-0.09865214032355318,1.0,0.8271188271188271
g__Dorea_A,0.8372456964006262,0.29883256266989155,10,4,-3.1587204414270635,-2.607823362741403,0.5508970786856606,0.1058941058941059,0.8,2,-0.35186809927336715,1.0,0.3600399600399601
g__Eubacterium_G,0.2801251956181534,0.27088397263702646,10,4,-4.622209141051587,-4.054215612639973,0.5679935284116144,0.1786311446433474,0.75,2,-0.0033230476748498106,0.5,0.46791139894588174
g__Senegalimassilia,0.23291601460615552,0.17419140430927982,10,4,-4.68226946630952,-4.113739721116426,0.5685297451930937,0.2288197584469197,0.725,2,0.044303989366519136,0.5,0.5249296158387068
g__Paraprevotella,0.17475221700573818,-0.13191926599611214,10,4,-4.863233227673346,-4.281418097690921,0.5818151299824255,0.2867160446257716,0.7,2,-0.5258473158133985,0.5,0.5786300434130882
g__Eggerthella,0.2483046426708399,1.0698270841544884,10,4,-5.0,-4.4041316524496334,0.5958683475503666,0.022516617529685354,0.9,2,-0.0015681696981917348,0.5,0.2771628371628372
g__Enterocloster,0.5279081898800209,0.5937162032272285,10,4,-4.556922678240267,-3.9430874850272843,0.6138351932129824,0.3736263736263737,0.675,2,0.4565702050918037,1.0,0.6465749819043234
g__Gordonibacter,0.15675534689619197,0.6247423790198168,10,4,-5.0,-4.351493594584071,0.6485064054159286,0.012708729522877984,0.925,2,0.028869009413051483,0.5,0.2771628371628372
g__UMGS1071,0.1431924882629108,0.35198206948525534,10,4,-4.954840412026158,-4.2808794688901095,0.6739609431360485,0.11571491574332671,0.7875,2,0.006193591343524929,0.5,0.3800183028388798
g__Mediterraneibacter,0.9003651538862807,0.9837439789798654,10,4,-2.8417225551703362,-2.1568684688031055,0.6848540863672308,0.023976023976023976,0.9,2,-0.02836574800426428,1.0,0.2771628371628372
g__Maccoyibacter,0.28873239436619724,0.6970605029266106,10,4,-4.9032640834924335,-4.216961518369784,0.6863025651226495,0.10006932775452317,0.8,2,-0.01680117357239519,0.5,0.3600399600399601
g__Thomasclavelia,0.18518518518518523,0.7725122159251718,10,4,-4.974450348018037,-4.284554868350655,0.6898954796673813,0.01829833403991596,0.925,2,0.07139866787330207,0.5,0.2771628371628372
g__Flavonifractor,0.16066770996348462,0.49053417524440057,10,4,-4.937295029062207,-4.214634376291433,0.7226606527707737,0.040085497337733166,0.875,2,0.24715218176438825,1.0,0.28871128871128876
g__Hominimerdicola,0.38888888888888895,0.007702486784486595,10,4,-4.434851941001883,-3.695519524599959,0.7393324164019237,0.14185814185814188,0.775,2,-0.2837702573045138,1.0,0.4183367652755408
g__Romboutsia,0.4186228482003131,0.39172393930236105,10,4,-4.491512591905982,-3.735724452437802,0.75578813946818,0.14185814185814188,0.775,2,-0.26106447781082776,1.0,0.4183367652755408
g__Dorea,0.5800730307772561,0.4720006305202107,10,4,-4.031253585995798,-3.241230285872919,0.7900233001228791,0.18781218781218784,0.75,2,-0.4015599237025207,1.0,0.46791139894588174
g__Clostridium_A,0.20161711006781435,0.5965549541858008,10,4,-4.985259402045845,-4.181283845194102,0.8039755568517428,0.21891997709256306,0.725,2,-0.037842692043087434,0.5,0.5249296158387068
g__Choladousia,0.28351591027647366,0.7922760185432822,10,4,-4.603316825859718,-3.750956409457305,0.852360416402413,0.13713139723599588,0.775,2,-0.008660250194757246,0.5,0.4183367652755408
g__Alistipes_A,0.16014606155451228,0.2053402746633619,10,4,-4.788485141244867,-3.9117628228125003,0.8767223184323667,0.1023550861320896,0.8,2,-0.09886805897707962,0.5,0.3600399600399601
g__Barnesiella,0.19926969222743873,0.16708934817997445,10,4,-4.655397588657607,-3.765857708664467,0.8895398799931398,0.22727794354670716,0.725,2,-0.07423544659708892,0.5,0.5249296158387068
g__Streptococcus,0.8763693270735526,0.6758612608441248,10,4,-3.458026998370642,-2.558511373288275,0.8995156250823668,0.07592407592407593,0.825,2,-0.5001100805923404,0.5,0.3104212564189482
g__Phocaeicola,0.7665623369848722,0.13030868701568243,10,4,-3.3124083717231008,-2.4029511741499214,0.9094571975731793,0.30369630369630374,0.7,2,0.19772894350726788,1.0,0.5970628011444339
g__Faecalibacillus,0.36254564423578517,0.6634126100086237,10,4,-4.2532634702167895,-3.281678955503467,0.9715845147133226,0.013986013986013986,0.925,2,-0.25237669767921367,1.0,0.2771628371628372
g__Hominenteromicrobium,0.48643714136671895,1.0616224890225645,10,4,-4.586696921537106,-3.5714319238743872,1.0152649976627188,0.07677500283069573,0.825,2,-0.10482947433904988,0.5,0.3104212564189482
g__Hominilimicola,0.3844548774126239,0.9607273373353813,10,4,-4.563862510760353,-3.525457258631169,1.0384052521291842,0.01322701284465055,0.95,2,0.1587750455468273,1.0,0.2771628371628372
g__Blautia_A,0.9786124152321338,1.3433178754449289,10,4,-2.2898742307149114,-1.2227769953391923,1.067097235375719,0.18781218781218784,0.75,2,-0.0852735174874904,1.0,0.46791139894588174
g__Pauljensenia,0.3518518518518519,0.7217745358843888,10,4,-4.902488814119032,-3.803288489683253,1.0992003244357789,0.11571491574332671,0.7875,2,-0.0065988361210505,0.5,0.3800183028388798
g__Claveliimonas,0.26291079812206575,0.8815152740295678,10,4,-4.832004723735753,-3.7211423760457993,1.1108623476899533,0.17719323521428243,0.75,2,-0.028711621517046204,0.5,0.46791139894588174
g__Fusicatenibacter,0.5818988002086594,1.2326326608507472,10,4,-3.8840854124877726,-2.7448692183671968,1.1392161941205758,0.03596403596403597,0.875,2,-0.06681704559945922,1.0,0.28871128871128876
g__Dorea_D,0.2655190401669275,1.0998453117649203,10,4,-4.866304434765983,-3.7184527478326936,1.147851686933289,0.13583165279601142,0.775,2,-0.06414111558928948,0.5,0.4183367652755408
g__Adlercreutzia,0.25952008346374544,1.1890057359447281,10,4,-4.998894609231996,-3.8343078770702785,1.1645867321617178,0.01700997007013995,0.925,2,-0.0019094668841597162,0.5,0.2771628371628372
g__Oliverpabstia,0.39123630672926457,1.0008300781406834,10,4,-4.257829399452436,-3.0920830420273338,1.165746357425102,0.14185814185814188,0.775,2,-0.1311713164900059,1.0,0.4183367652755408
g__Lentihominibacter,0.4204486176317163,0.8238072321330137,10,4,-4.540300601713019,-3.325348057624806,1.2149525440882134,0.040085497337733166,0.875,2,-0.10084331550516112,0.5,0.28871128871128876
g__Akkermansia,0.25586854460093905,0.7480496501578973,10,4,-4.756749393929818,-3.5078680817811714,1.2488813121486464,0.023976023976023976,0.9,2,-0.01626605321948449,0.5,0.2771628371628372
g__Anaerotardibacter,0.3513302034428796,0.8081555243622995,10,4,-4.775110461516216,-3.494252476007964,1.280857985508252,0.07592407592407593,0.825,2,-0.166810994285856,1.0,0.3104212564189482
g__Bacteroides,0.8153364632237873,0.4709298772981527,10,4,-3.3911515942254224,-2.0014600756175027,1.3896915186079197,0.2397602397602398,0.725,2,0.31264203041377686,1.0,0.5249296158387068
g__Alistipes,0.5732916014606155,0.5391619522234987,10,4,-3.8605559441294792,-2.4146051481605353,1.445950795968944,0.18781218781218784,0.75,2,-0.27392727806224193,1.0,0.46791139894588174
g__Ruthenibacterium,0.3095983307250913,0.917286446210432,10,4,-4.929032827698654,-3.384866086892944,1.5441667408057098,0.05354235485767818,0.85,2,-0.03633188998906145,0.5,0.28871128871128876
g__Anaerobutyricum,0.5550339071465833,1.6123635086909291,10,4,-3.990757179516521,-2.1884234727100687,1.8023337068064524,0.07592407592407593,0.825,2,-0.0802643234347582,0.5,0.3104212564189482
g__Anaerostipes,0.4793948878455922,1.9406773454780284,10,4,-4.189855118698075,-2.237845293625427,1.9520098250726479,0.023976023976023976,0.9,2,0.11648283032622886,1.0,0.2771628371628372
g__Bifidobacterium,0.6176317162232655,1.167932848686958,10,4,-4.266246900329343,-2.175493692216509,2.0907532081128344,0.007992007992007992,0.95,2,0.04409394565525204,1.0,0.2771628371628372
