contrast,feature,n_studies,median_effect,frac_agree,pooled_effect,n_a,n_b
IBD,Faecalibacterium,9,-0.8343878099429927,0.7777777777777778,-0.2855247824186842,44167,6566
IBD,Escherichia,9,0.6761747548860515,0.8888888888888888,0.25408255488865406,44167,6566
IBD,Fusobacterium (all GTDB genera),9,0.2647353719121144,1.0,0.16537467111158488,44167,6566
IBD,Bacteroides,9,-0.116320654509521,0.6666666666666666,0.244602045780987,44167,6566
IBD,Akkermansia,9,-0.43747327410062065,0.5555555555555556,-0.2887890071826904,44167,6566
IBD,genus richness,9,-10.78924418604651,0.8888888888888888,-9.119691398348586,44167,6566
Colorectal cancer,Faecalibacterium,14,-0.38430885599687525,0.9285714285714286,-0.09994769343653331,44167,2834
Colorectal cancer,Escherichia,14,0.3603664885350266,0.9285714285714286,0.5185115755181338,44167,2834
Colorectal cancer,Fusobacterium (all GTDB genera),14,0.6501039096053884,1.0,0.8018377928363671,44167,2834
Colorectal cancer,Bacteroides,14,0.1537760758885764,0.7142857142857143,0.40448221726618616,44167,2834
Colorectal cancer,Akkermansia,14,0.2434718937556748,0.7142857142857143,0.11931705000206039,44167,2834
Colorectal cancer,genus richness,14,-1.2018335830835838,0.6428571428571429,4.750816753932227,44167,2834
Type 2 diabetes,Faecalibacterium,3,-0.11231111258247206,0.6666666666666666,0.22634396854461403,44167,2291
Type 2 diabetes,Escherichia,3,0.05260724556125407,0.6666666666666666,0.6889652201263137,44167,2291
Type 2 diabetes,Fusobacterium (all GTDB genera),3,0.07774859545681956,0.6666666666666666,0.43700647917308544,44167,2291
Type 2 diabetes,Bacteroides,3,0.05955484556676649,1.0,0.5068839298116796,44167,2291
Type 2 diabetes,Akkermansia,3,-0.07179792205114133,0.6666666666666666,-0.04330239498874633,44167,2291
Type 2 diabetes,genus richness,3,0.14069835680751197,0.6666666666666666,5.419837194445826,44167,2291
