facet,metric,group,n_samples,n_studies,median,q1,q3,median_of_study_medians,n_studies_ge20
age_category,richness,neonate,8687,98,7.0,4.0,10.0,6.0,47
age_category,richness,infant,30765,212,15.0,9.0,25.0,14.0,142
age_category,richness,child,15151,165,39.0,27.0,52.0,39.0,104
age_category,richness,adolescent,3065,93,44.0,30.0,58.0,45.0,37
age_category,richness,adult,125958,871,53.0,36.0,70.0,47.5,681
age_category,richness,elderly,19134,258,61.0,45.0,78.0,54.0,124
age_category,shannon,neonate,8687,98,1.0356820362053978,0.59843183281812,1.4581526894781782,0.9889695680979427,47
age_category,shannon,infant,30765,212,1.6813088203799214,1.0848823252940218,2.241157460554922,1.5918101747442739,142
age_category,shannon,child,15151,165,2.67008963593511,2.1987189026975757,3.045076091468231,2.702006945709628,104
age_category,shannon,adolescent,3065,93,2.78147193538289,2.2142658428547985,3.2048410246900163,2.8101762644374086,37
age_category,shannon,adult,125958,871,3.0787768379764495,2.5304708337417026,3.488479805537474,2.903672803258234,681
age_category,shannon,elderly,19134,258,3.24122337441399,2.7951884288884226,3.594119133900619,3.0429724352294683,124
hdi_band,richness,low,5406,54,49.0,24.0,77.0,40.0,43
hdi_band,richness,middle,20534,232,44.0,32.0,57.0,43.5,177
hdi_band,richness,high,130988,712,55.0,37.75,71.0,50.0,584
hdi_band,shannon,low,5406,54,2.739388448210386,2.058028126890605,3.4048103153613187,2.559160374873358,43
hdi_band,shannon,middle,20534,232,2.742662894322938,2.257178562523625,3.151693651155388,2.7190957929692354,177
hdi_band,shannon,high,130988,712,3.1309112239630057,2.6217732425903666,3.520153141896349,2.991598993465642,584
health_condition,richness,healthy_control,44167,470,45.0,25.0,62.0,49.5,317
health_condition,richness,intervention_cohort,8247,52,49.0,29.0,66.0,52.5,41
health_condition,richness,gi_infection_or_diarrhoea,7268,64,35.0,20.75,50.0,33.0,45
health_condition,richness,other_disease,7141,95,36.0,19.0,53.0,41.75,62
health_condition,richness,other_cancer,6617,78,50.0,34.0,64.0,50.0,61
health_condition,richness,other_infection,5149,63,42.0,26.0,59.0,43.0,51
health_condition,richness,transplant_or_immunocompromised,4529,32,19.0,8.0,32.0,19.0,27
health_condition,richness,neurological_psychiatric,3922,67,53.0,39.0,69.0,48.5,52
health_condition,richness,colorectal_cancer,2834,40,50.0,34.0,65.0,50.0,33
health_condition,richness,crohns_disease,2540,43,31.0,18.0,45.0,31.0,23
health_condition,richness,obesity,2522,38,51.0,39.0,65.0,51.0,29
health_condition,richness,ulcerative_colitis,2458,38,40.0,25.0,56.0,40.75,24
health_condition,shannon,healthy_control,44167,470,2.8186844076013085,2.1654633849690077,3.2991002163006087,2.9432288668679303,317
health_condition,shannon,intervention_cohort,8247,52,2.935200209898672,2.3718831443484305,3.3833620470012304,3.030827287808906,41
health_condition,shannon,gi_infection_or_diarrhoea,7268,64,2.4897895114353323,1.9417606748965799,2.9625849724733,2.4386545932336894,45
health_condition,shannon,other_disease,7141,95,2.5426881298261415,1.8597427211284452,3.0804255691544316,2.7267755636733186,62
health_condition,shannon,other_cancer,6617,78,2.9558137834358567,2.4333745189188956,3.3525803345623624,2.94890662755736,61
health_condition,shannon,other_infection,5149,63,2.7643942513748843,2.197030760743818,3.2131721507097546,2.752019907542337,51
health_condition,shannon,transplant_or_immunocompromised,4529,32,1.929674193342176,1.053585995925885,2.5519260852745513,1.935807857998686,27
health_condition,shannon,neurological_psychiatric,3922,67,3.0693768306884355,2.6223415821135205,3.4600947627205114,2.9931562810892807,52
health_condition,shannon,colorectal_cancer,2834,40,2.9581556781685503,2.4037586289016972,3.367656840538208,2.9329009386988765,33
health_condition,shannon,crohns_disease,2540,43,2.453744707052203,1.894503406241976,2.921705824989725,2.424658125913557,23
health_condition,shannon,obesity,2522,38,3.0197142361739617,2.565732221161438,3.3956940256199144,3.0353788635286536,29
health_condition,shannon,ulcerative_colitis,2458,38,2.728518751464166,2.2131483512853687,3.1632881797260533,2.726014578438627,24
