country,n_samples,n_studies,prevalence,mean_relabund,median_of_study_prevalences,n_studies_ge20,hdi,band,prevalence_infant,n_samples_infant
FI,571,9,0.9667250437828371,0.101174265,0.9606299212598425,3,0.948,high,0.7855652899457656,2397.0
MY,1179,6,0.9558948261238338,0.14856657,0.9712413055109684,6,0.819,high,,
HK,6999,26,0.9207029575653665,0.060321648,0.9224137931034483,23,0.955,high,,
SE,9803,23,0.9141079261450576,0.020362463,0.8838213213213213,16,0.959,high,0.8803418803418803,351.0
AT,372,8,0.9059139784946236,0.05117456,0.9036144578313253,5,0.93,high,0.6788990825688074,109.0
LU,193,4,0.9015544041450777,0.03297298,0.899029930202295,2,0.922,high,0.726027397260274,73.0
NO,640,6,0.89375,0.02250957,0.8934015075933932,4,0.97,high,0.9230769230769231,52.0
JP,2280,28,0.8802631578947369,0.07848774,0.9224759615384616,20,0.925,high,,
NL,4017,27,0.8683096838436645,0.048716303,0.9416666666666667,25,0.955,high,0.8222222222222222,45.0
KZ,106,3,0.8490566037735849,0.024881538,0.9318181818181818,3,0.837,high,0.9416666666666667,360.0
GB,15926,32,0.845661182971242,0.024372535,0.890625,25,0.946,high,0.7118415128320577,2221.0
IL,1510,10,0.8370860927152318,0.040746734,0.856673493770268,10,0.919,high,,
BE,710,7,0.8366197183098592,0.043889903,0.8522727272727273,7,0.951,high,0.7698412698412699,126.0
KR,752,16,0.8337765957446809,0.06530443,0.8648648648648649,11,0.937,high,,
IT,3132,37,0.8330140485312899,0.061627287,0.9016393442622951,27,0.915,high,0.8470149253731343,536.0
SG,1321,5,0.8327024981074943,0.032618035,0.8717948717948718,5,0.946,high,0.8956158663883089,479.0
KE,233,2,0.8326180257510729,0.04054761,0.8526785714285714,1,0.628,low,0.019230769230769232,52.0
NZ,1379,9,0.8288614938361131,0.03046277,0.7755102040816326,9,0.938,high,0.7871759890859482,733.0
DE,3553,36,0.8243737686462145,0.0299964,0.8000333000333,32,0.959,high,0.7938299473288186,1329.0
AR,34,3,0.8235294117647058,0.026067264,0.7727272727272727,1,0.865,high,,
TW,333,6,0.8138138138138138,0.018018212,0.8377192982456141,4,,,,
TR,59,2,0.7966101694915254,0.046688136,0.7906976744186046,1,0.853,high,,
ML,231,3,0.7922077922077922,0.06366516,0.8461538461538461,3,0.419,low,,
ET,137,4,0.7883211678832117,0.12593071,0.8580984233158147,2,0.497,low,0.8974358974358975,39.0
SA,186,2,0.7849462365591398,0.03865286,0.8270815811606391,2,0.9,high,,
BD,218,4,0.7798165137614679,0.042567477,0.8870967741935484,3,0.685,low,0.9692016109926558,4221.0
RS,100,2,0.77,0.02295758,0.8380281690140845,2,0.833,high,,
AU,832,11,0.7644230769230769,0.026555274,0.7560975609756098,11,0.958,high,0.7401709401709402,585.0
IE,2875,17,0.7634782608695653,0.02453587,0.7313432835820896,15,0.949,high,0.894,500.0
CN,17606,201,0.7607065773031921,0.032457195,0.825503355704698,161,0.797,middle,0.4079601990049751,201.0
RU,286,14,0.7517482517482518,0.026897183,0.84,5,0.832,high,0.9318936877076412,602.0
CA,4620,34,0.7484848484848485,0.026726412,0.7249893571732652,22,0.939,high,0.8946624248851184,2829.0
FR,1394,18,0.742467718794835,0.025732635,0.7305343511450382,12,0.92,high,,
CH,383,8,0.7389033942558747,0.0267435,0.7894736842105263,7,0.97,high,,
PE,670,2,0.691044776119403,0.04306364,0.5093065791597181,2,0.794,middle,0.9763513513513513,296.0
ES,3601,30,0.6859205776173285,0.012390328,0.696551724137931,21,0.918,high,0.7609699769053118,866.0
RO,75,1,0.68,0.00806692,0.68,1,0.845,high,,
CO,448,3,0.6741071428571429,0.04345843,0.5392587939698492,2,0.788,middle,,
DK,4638,30,0.6686071582578698,0.020995548,0.8274509803921568,27,0.962,high,0.9866666666666667,600.0
US,55376,272,0.638507656746605,0.026098767,0.6975748930099858,227,0.938,high,0.5660184890022314,15685.0
BG,110,2,0.6272727272727273,0.0097983815,0.65,1,0.845,high,,
HT,329,3,0.6109422492401215,0.04680706,0.7093621399176955,2,0.554,low,,
ZA,1004,3,0.5926294820717132,0.012813733,0.4690655209452202,2,0.741,middle,0.7933130699088146,329.0
FJ,171,2,0.5847953216374269,0.011737854,0.5590062111801242,1,0.731,middle,,
IN,910,17,0.5395604395604395,0.046913255,0.6632653061224489,13,0.685,low,0.9219858156028369,282.0
PR,68,2,0.5147058823529411,0.037797365,0.46062271062271065,2,,,0.8852459016393442,61.0
UG,309,4,0.511326860841424,0.040780414,0.5371794871794873,4,0.582,low,0.6753246753246753,77.0
HU,317,5,0.4921135646687697,0.014721044,0.7083333333333334,3,0.87,high,,
HN,155,1,0.4774193548387097,0.03360666,0.4774193548387097,1,0.645,low,,
MX,371,11,0.4474393530997305,0.0145645235,0.8040293040293041,6,0.789,middle,0.5769230769230769,52.0
TZ,583,4,0.44082332761578047,0.01570057,0.11618257261410789,3,0.555,low,0.4126984126984127,63.0
MG,96,1,0.4270833333333333,0.006446698,0.4270833333333333,1,0.487,low,,
CD,168,1,0.34523809523809523,0.0070070717,0.34523809523809523,1,0.522,low,,
CM,409,3,0.33985330073349634,0.0030396944,0.35294117647058826,3,0.588,low,0.3611111111111111,36.0
NE,602,1,0.3106312292358804,0.03679146,0.3106312292358804,1,0.419,low,,
PL,1573,8,0.2682771773680865,0.007854752,0.6621221924392273,8,0.906,high,,
GW,269,1,0.2342007434944238,0.00733271,0.2342007434944238,1,0.514,low,,
GH,239,2,0.13807531380753138,0.0009225691,0.17268746579091407,2,0.628,low,,
BF,420,2,0.12857142857142856,0.0012805095,0.0886015325670498,2,0.459,low,,
ZW,68,1,0.10294117647058823,0.00086654414,0.10294117647058823,1,0.598,low,0.8511530398322851,954.0
VE,177,2,0.05649717514124294,0.0018762033,0.056818181818181816,1,0.709,middle,,
