country,n_samples,n_studies,prevalence,mean_relabund,median_of_study_prevalences,n_studies_ge20,hdi,band
ZW,68,1,1.0,0.4440477,1.0,1,0.598,low
FJ,171,2,1.0,0.35983732,1.0,1,0.731,middle
VE,177,2,1.0,0.23694791,1.0,1,0.709,middle
BF,420,2,0.9976190476190476,0.18833157,0.9985632183908046,2,0.459,low
MG,96,1,0.9895833333333334,0.15024717,0.9895833333333334,1,0.487,low
GH,239,2,0.9790794979079498,0.2501274,0.9648330596606458,2,0.628,low
NE,602,1,0.96843853820598,0.29320225,0.96843853820598,1,0.419,low
CM,409,3,0.9682151589242054,0.26660147,0.9681528662420382,3,0.588,low
BD,218,4,0.9495412844036697,0.30709937,0.9838709677419355,3,0.685,low
CD,168,1,0.9464285714285714,0.3948026,0.9464285714285714,1,0.522,low
KE,233,2,0.944206008583691,0.25075954,0.9419642857142857,1,0.628,low
AR,34,3,0.9411764705882353,0.2001872,1.0,1,0.865,high
TZ,583,4,0.9382504288164666,0.1955136,0.995850622406639,3,0.555,low
ZA,1004,3,0.9153386454183267,0.17299429,0.9063969447428094,2,0.741,middle
BG,110,2,0.9090909090909091,0.15333602,0.9,1,0.845,high
ML,231,3,0.9047619047619048,0.08453522,1.0,3,0.419,low
GW,269,1,0.8921933085501859,0.054061476,0.8921933085501859,1,0.514,low
MX,371,11,0.8355795148247979,0.2273982,0.9377289377289377,6,0.789,middle
ET,137,4,0.8029197080291971,0.09993719,0.8571428571428572,2,0.497,low
MY,1179,6,0.7938931297709924,0.089135535,0.7870711359963924,6,0.819,high
RO,75,1,0.7733333333333333,0.10092212,0.7733333333333333,1,0.845,high
TW,333,6,0.7687687687687688,0.12918437,0.7582315945246023,4,,
KZ,106,3,0.7358490566037735,0.12592968,0.75,3,0.837,high
RU,286,14,0.7132867132867133,0.08516761,0.78125,5,0.832,high
ES,3601,30,0.6973063038044988,0.10181575,0.7010752688172043,21,0.918,high
LU,193,4,0.6839378238341969,0.07112175,0.6610670767774754,2,0.922,high
RS,100,2,0.67,0.06148544,0.5534239922292374,2,0.833,high
HT,329,3,0.6656534954407295,0.12390262,0.7541887125220459,2,0.554,low
CN,17606,201,0.6494376916960127,0.091418475,0.6,161,0.797,middle
KR,752,16,0.6316489361702128,0.081666976,0.6470588235294118,11,0.937,high
FR,1394,18,0.6147776183644189,0.05819689,0.5835866261398176,12,0.92,high
IN,910,17,0.6043956043956044,0.14835809,0.88,13,0.685,low
IL,1510,10,0.5980132450331126,0.089352496,0.4268406337371855,10,0.919,high
NO,640,6,0.5859375,0.034387622,0.5398791708236337,4,0.97,high
UG,309,4,0.5857605177993528,0.0939831,0.7046153846153846,4,0.582,low
NL,4017,27,0.5678366940502863,0.05836768,0.5536912751677853,25,0.955,high
DK,4638,30,0.5470030185424752,0.06886628,0.575,27,0.962,high
SE,9803,23,0.538202591043558,0.04056884,0.5597222222222222,16,0.959,high
NZ,1379,9,0.5380710659898477,0.062218398,0.4796511627906977,9,0.938,high
SA,186,2,0.5376344086021505,0.08547445,0.5197645079899075,2,0.9,high
IT,3132,37,0.5207535121328225,0.04649659,0.5419161676646707,27,0.915,high
DE,3553,36,0.5133689839572193,0.064694166,0.5176056338028169,32,0.959,high
AU,832,11,0.5108173076923077,0.045705613,0.4861111111111111,11,0.958,high
PL,1573,8,0.4971392244119517,0.058673467,0.505039027764055,8,0.906,high
HU,317,5,0.48580441640378547,0.050915524,0.5714285714285714,3,0.87,high
IE,2875,17,0.47895652173913045,0.042345967,0.4074074074074074,15,0.949,high
CO,448,3,0.47544642857142855,0.018009081,0.5373743718592965,2,0.788,middle
CA,4620,34,0.4551948051948052,0.05087698,0.36310861423220975,22,0.939,high
GB,15926,32,0.45209092050734645,0.041547116,0.45312631845413887,25,0.946,high
FI,571,9,0.43782837127845886,0.015450894,0.2440944881889764,3,0.948,high
BE,710,7,0.43661971830985913,0.03174638,0.5166666666666667,7,0.951,high
HK,6999,26,0.4313473353336191,0.047533944,0.41114058355437666,23,0.955,high
JP,2280,28,0.4114035087719298,0.049546048,0.3618181818181818,20,0.925,high
SG,1321,5,0.40953822861468586,0.07743796,0.4523809523809524,5,0.946,high
CH,383,8,0.3838120104438642,0.032001913,0.40350877192982454,7,0.97,high
AT,372,8,0.34946236559139787,0.02185196,0.3220338983050847,5,0.93,high
US,55376,272,0.32017480496966194,0.030238435,0.3333333333333333,227,0.938,high
PR,68,2,0.29411764705882354,0.04409887,0.34065934065934067,2,,
TR,59,2,0.288135593220339,0.02596527,0.2558139534883721,1,0.853,high
PE,670,2,0.208955223880597,0.010620783,0.5865834633385335,2,0.794,middle
HN,155,1,0.03225806451612903,0.00010011612,0.03225806451612903,1,0.645,low
