study,n,rho,median_depth,median_richness
PRJDA72415,49,0.43656343233501554,270.37,19.0
PRJDB10675,45,0.7343406898758081,54.59,5.0
PRJDB10829,104,0.24567960992393065,1617.555,46.0
PRJDB11444,263,0.06174678582794236,2717.48,45.0
PRJDB13214,189,0.08921704686075597,1686.72,43.0
PRJDB14273,55,0.16513832922337918,2408.01,41.0
PRJDB15798,52,0.3710253079573383,1478.2649999999999,50.0
PRJDB15926,72,-0.006272163876055399,4434.485000000001,45.0
PRJDB15956,149,0.2474124946760124,591.4,54.0
PRJDB16260,163,-0.020897740426302214,1587.04,39.0
PRJDB16312,30,0.5877770904027781,374.99,45.0
PRJDB16443,85,0.0879650507401272,3261.27,59.0
PRJDB16532,23,0.4441149551349908,4450.31,34.0
PRJDB16790,376,0.477418695085197,984.21,55.0
PRJDB17048,64,0.06929730485686954,1557.105,40.5
PRJDB17221,96,0.04379126561194581,4119.345,50.5
PRJDB18316,147,0.4010070744700501,3302.52,59.0
PRJDB18359,45,0.08532946476088882,1898.49,31.0
PRJDB18646,122,0.8147900969513232,61.665,11.0
PRJDB18854,112,0.3200757761254705,1815.19,41.0
PRJDB19991,40,0.11994561843169681,1563.8600000000001,45.0
PRJDB20343,28,0.20920046948730178,3102.6,26.5
PRJDB20360,481,0.295646457473595,1775.33,40.0
PRJDB28938,260,0.27462331530869316,2368.96,47.0
PRJDB29360,176,0.5277762944479413,1873.44,35.0
PRJDB33192,35,0.8413973863571778,8.01,2.0
PRJDB35189,84,0.4805090382893595,1446.165,38.0
PRJDB3601,30,0.15122503808580126,1080.925,38.5
PRJDB36775,115,0.312649559659391,2522.5,46.0
PRJDB36826,68,0.3183316318870864,3433.2799999999997,58.5
PRJDB36916,130,0.5046442434994687,595.625,37.0
PRJDB37151,37,0.7755636602619247,2654.65,47.0
PRJDB37496,50,0.09317987225446073,2156.135,49.5
PRJDB37508,453,0.3032667601959837,1632.98,50.0
PRJDB38277,50,0.04322534655042776,1505.3000000000002,45.0
PRJDB38518,21,0.8417292732983463,27.7,6.0
PRJDB39575,56,0.13088523192640938,3453.415,43.5
PRJDB39729,44,-0.00035269652361975134,1618.85,50.0
PRJDB39757,51,0.6738069442643472,460.49,35.0
PRJDB40001,66,0.2649040136098375,2522.82,50.0
PRJDB4176,591,0.28463052485138823,1590.32,50.0
PRJDB4525,34,-0.08254988569806711,2820.225,49.0
PRJDB6503,28,0.8256590115071659,141.07,24.5
PRJDB7378,42,0.07075631528923296,1726.7150000000001,49.5
PRJDB7630,32,0.3267825719858276,1223.6100000000001,51.0
PRJDB9649,82,0.4737558671394242,2630.67,60.0
PRJEB101146,54,0.46927611704111066,857.485,47.5
PRJEB101774,77,0.6696468672107692,2942.34,41.0
PRJEB102033,1829,0.16203769025704132,480.26,22.0
PRJEB103000,73,0.3342543203315706,1503.95,50.0
PRJEB103086,23,-0.01483313139718956,772.25,50.0
PRJEB104496,930,0.3934977866020452,668.22,50.0
PRJEB104636,804,0.3271996051924285,562.25,47.0
PRJEB104707,40,0.420677434913305,405.78499999999997,34.0
PRJEB105208,583,0.6873913414876803,331.4,57.0
PRJEB105368,42,0.17486523685707414,2025.295,61.5
PRJEB106095,64,0.4809840037219894,2765.075,49.0
PRJEB108450,2577,0.3714262305257466,648.74,47.0
PRJEB108563,89,0.22237274014677513,300.36,43.0
PRJEB108612,4590,0.4255999559444376,2003.54,22.0
PRJEB108678,519,-0.13329715292427743,744.23,21.0
PRJEB10878,120,0.30071731668423973,1440.8000000000002,54.0
PRJEB11419,888,0.4406392135838955,750.545,46.0
PRJEB11532,893,0.4586547381018917,752.15,58.0
PRJEB11852,128,0.4554455155601082,129.63,21.5
PRJEB12123,233,0.3057700138466391,1407.97,45.0
PRJEB12124,167,0.10707753077334366,1724.72,48.0
PRJEB1220,283,0.8715878888506482,178.02,32.0
PRJEB12357,38,0.3259718629832031,1337.7150000000001,52.0
PRJEB12449,54,0.3384950475806867,1403.085,54.0
PRJEB12947,32,0.4117055577420104,1978.985,60.0
PRJEB13835,23,0.7593377065776737,1170.72,55.0
PRJEB13870,180,0.3326007821394595,1546.875,33.5
PRJEB14038,60,0.8022962561572643,235.06,21.5
PRJEB14155,159,-0.23409656712956706,4702.21,42.0
PRJEB14215,68,0.42263481403611053,1028.8,56.5
PRJEB14847,288,0.293082845007031,1421.81,75.0
PRJEB15111,86,0.17111319585939172,1570.4699999999998,48.5
PRJEB15179,193,0.4103757933087671,3757.94,51.0
PRJEB15371,111,0.4610016405008446,1465.27,37.0
PRJEB1690,35,0.6524664702164673,944.63,62.0
PRJEB17632,243,0.3196293077056695,1351.87,51.0
PRJEB1775,33,0.3704756655609584,381.77,48.0
PRJEB17784,59,0.22117286389881022,1276.78,58.0
PRJEB1786,135,0.2920649754975532,823.38,74.0
PRJEB17896,24,0.5616707743787637,2214.375,48.0
PRJEB18755,45,0.5739233959637053,1818.48,57.0
PRJEB19857,288,0.17143623208505646,1133.41,65.0
PRJEB2054,110,0.31630860325533217,766.98,53.0
PRJEB20800,53,0.17080057588161388,1741.45,44.0
PRJEB21528,347,0.23640468118005742,1298.39,47.0
PRJEB21612,107,0.04187058272170181,1469.58,48.0
PRJEB21793,45,0.2396757333588895,1296.63,26.0
PRJEB22032,38,-0.1863498285625846,907.785,48.0
PRJEB22175,85,0.44189188769925997,630.98,56.0
PRJEB22481,89,0.659621193164021,476.59,28.0
PRJEB23010,187,0.3332262693858178,701.98,43.0
PRJEB23052,67,0.09417688123139697,1184.98,39.0
PRJEB23147,75,0.8843287160287591,46.22,3.0
PRJEB23524,98,0.42109762576313386,2138.385,42.0
PRJEB24006,22,0.04879489368970467,727.25,15.5
PRJEB24041,186,0.018999850262437584,1116.425,48.0
PRJEB24557,54,0.20128113187121938,2198.055,55.5
PRJEB25008,148,0.471627686412737,861.52,43.0
PRJEB25514,53,0.2915768271678024,1482.93,65.0
PRJEB25727,27,0.5103135080618816,3388.47,66.0
PRJEB25954,88,0.6344228579188839,276.78999999999996,38.0
PRJEB26089,35,0.4117281081927669,1598.98,63.0
PRJEB26357,259,0.6492501002253562,314.51,45.0
PRJEB26795,255,0.16474924797076204,1440.06,66.0
PRJEB27005,51,0.40951886722719716,1553.04,70.0
PRJEB27308,138,0.3878817465810507,4230.325,61.0
PRJEB27662,34,0.5073419854963305,348.125,43.5
PRJEB27928,82,0.295078229478006,1372.865,63.0
PRJEB28058,149,0.6056587149009872,2624.49,33.0
PRJEB28097,1287,0.9000134034871268,154.2,21.0
PRJEB28384,85,0.5397506801659189,1802.66,40.0
PRJEB28543,48,0.4488145654859489,1315.02,43.0
PRJEB28545,141,0.1717474430250572,2784.21,36.0
PRJEB28687,47,0.49454665746182735,1174.76,57.0
PRJEB28847,36,0.7454114804295209,148.95,43.0
PRJEB29052,167,0.4016962568291568,223.27,7.0
PRJEB29127,158,0.2936646138498477,3028.315,37.0
PRJEB29152,24,0.4591601068469027,771.45,27.0
PRJEB29373,118,0.277847329200897,1933.995,37.5
PRJEB29491,40,0.7778965291032943,4.99,2.0
PRJEB30307,25,0.4272786233125301,1399.11,69.0
PRJEB30611,117,0.21741707472156857,2248.67,40.0
PRJEB30834,237,0.3389622220169985,940.67,74.0
PRJEB31790,27,-0.11467909212892627,2288.2,41.0
PRJEB32135,135,0.4391830035295241,185.4,12.0
PRJEB32631,1518,-0.10377169673081621,685.725,9.0
PRJEB32731,916,0.3426606109407758,1168.565,65.0
PRJEB32794,35,0.2853940485093692,406.75,66.0
PRJEB32834,73,0.3074916998032757,1641.71,58.0
PRJEB33013,56,0.2893679893867818,2173.375,57.0
PRJEB34871,1079,0.21246958093479645,390.36,13.0
PRJEB35587,44,0.5652082142516888,78.445,18.0
PRJEB35615,81,0.4942162986047577,1889.25,59.0
PRJEB35738,23,0.4010882278557656,1748.13,25.0
PRJEB35769,97,0.09685707938951019,1888.45,64.0
PRJEB35961,20,-0.06480800284190075,1850.87,82.0
PRJEB36140,81,0.22998974662592475,1769.76,53.0
PRJEB36820,98,-0.013486144705878977,906.875,65.0
PRJEB36898,146,0.3580071462200043,6198.245,47.5
PRJEB37017,196,0.6145273447660979,1114.475,53.0
PRJEB37062,86,0.06465586727840654,2820.375,54.5
PRJEB37731,567,0.8329821923708587,63.87,20.0
PRJEB38000,72,-0.43093897335210507,1027.95,55.5
PRJEB38352,259,0.325638755007351,2550.03,36.0
PRJEB38528,56,0.9650214099921997,26.335,9.0
PRJEB38984,353,0.4164026572738017,1372.34,85.0
PRJEB38997,25,0.18213335217368315,2785.84,62.0
PRJEB39023,25,0.10820184346893227,2373.75,30.0
PRJEB39128,81,0.7111213048550065,1786.17,22.0
PRJEB39223,981,0.35118196594672707,2022.18,76.0
PRJEB39247,22,0.4412430082739704,1062.3200000000002,24.0
PRJEB39610,588,0.143409363529779,877.63,7.0
PRJEB39631,72,0.5334169660623156,312.97,51.5
PRJEB40256,114,0.7752911363938048,215.425,46.5
PRJEB40960,37,0.5293529897982444,300.02,25.0
PRJEB40995,145,0.7415564562786925,467.86,49.0
PRJEB41102,273,0.22536007744960776,1932.1799999999998,48.0
PRJEB41481,388,0.10279273267730035,1136.6799999999998,70.0
PRJEB41539,60,0.28326387475676446,1346.1399999999999,45.0
PRJEB41867,28,0.7239115015747276,636.68,57.0
PRJEB42013,71,0.6139590476555504,746.07,57.0
PRJEB42151,23,0.3442138182338013,411.68,41.0
PRJEB42304,122,0.3714125566975202,1216.615,68.5
PRJEB42363,160,0.23823779141011966,618.5699999999999,41.5
PRJEB42384,69,-0.025949345360566395,887.83,53.0
PRJEB42420,90,0.7034834338277175,96.29499999999999,17.5
PRJEB42612,43,0.556084336055878,2819.75,53.0
PRJEB43119,155,0.2774923139335191,1810.18,59.0
PRJEB4336,258,0.5485390314056833,1138.3049999999998,63.0
PRJEB44119,90,0.013449851575706998,397.875,64.0
PRJEB44233,68,0.4038570200441238,2410.9449999999997,54.0
PRJEB44237,120,-0.04167072582395756,1599.2800000000002,75.0
PRJEB44737,138,0.48135326911183735,970.515,44.0
PRJEB45443,293,-0.05345680015152633,651.78,25.0
PRJEB45799,2180,-0.27476419531014074,3460.535,44.0
PRJEB45815,51,0.2380457063813322,2473.75,72.0
PRJEB45904,86,0.24131359266996621,2763.175,83.0
PRJEB45944,136,0.28281021592929784,3064.115,81.0
PRJEB46003,43,0.41235793111903807,321.41,30.0
PRJEB46214,41,0.2035229576026003,280.63,18.0
PRJEB46398,214,0.5125306345729806,371.195,62.5
PRJEB46659,23,-0.44020290213139757,1558.62,12.0
PRJEB46664,187,0.3087080992267676,3624.06,89.0
PRJEB46777,87,0.45142414269134706,1161.6,57.0
PRJEB46778,130,0.47373064655141983,1308.25,62.5
PRJEB46779,78,0.6103685801050699,818.225,57.0
PRJEB46780,26,0.3106168937317059,559.99,49.0
PRJEB46788,2161,0.7880153220289482,88.71,18.0
PRJEB47061,146,0.4276464435386668,1526.935,42.5
PRJEB47445,21,0.4813014492719511,3189.71,61.0
PRJEB47458,219,0.34282180047354793,1882.24,33.0
PRJEB47543,52,0.6018107825863458,686.2950000000001,53.0
PRJEB47902,93,0.2834952897530231,2155.74,68.0
PRJEB47909,102,0.20303579055066343,2062.935,36.0
PRJEB47976,156,0.5473608506466242,1488.62,70.5
PRJEB48251,198,-0.007496900686232511,775.325,39.5
PRJEB48605,139,0.40541486164998336,1032.73,55.0
PRJEB48897,65,0.3477272588741901,3399.67,56.0
PRJEB49124,211,0.6761100117303456,160.44,19.0
PRJEB49147,149,0.06990729757371285,1452.08,64.0
PRJEB49168,42,-0.03576643759094426,2412.495,49.0
PRJEB49206,382,0.1974129584832215,5775.950000000001,84.5
PRJEB49262,53,0.5546277586144803,1287.08,24.0
PRJEB49334,318,0.42451744926710844,905.64,34.0
PRJEB49516,94,0.6102348291388027,1537.31,48.5
PRJEB49521,37,0.5805153423456,135.21,29.0
PRJEB50408,78,0.458568698482783,411.6,44.0
PRJEB50555,455,0.21815580867653947,6808.82,56.0
PRJEB50568,110,0.4519732386087047,389.32500000000005,42.0
PRJEB50699,29,-0.28930844228471075,3960.12,58.0
PRJEB50761,449,0.4324108354759726,1739.06,44.0
PRJEB50977,399,0.1597798252898228,1044.81,55.0
PRJEB51010,30,0.3690425450783103,2007.585,74.0
PRJEB51056,57,0.5320578499992673,296.86,44.0
PRJEB51353,8898,0.3283324773479238,2414.4300000000003,73.0
PRJEB51728,864,0.3111840964464971,994.52,19.0
PRJEB51945,26,0.35259919982694343,3469.885,36.5
PRJEB52094,32,0.555076773537016,920.585,49.0
PRJEB52189,28,0.09780827791078688,2806.325,46.0
PRJEB5224,230,0.3004485993806319,1474.52,63.5
PRJEB52295,40,-0.06630615870282662,1257.7,15.0
PRJEB52732,91,0.31376347923892595,2875.42,55.0
PRJEB52748,91,0.01045539429806708,4135.72,12.0
PRJEB52774,425,0.014166113483849553,1475.35,18.0
PRJEB52877,93,0.1634894949766903,2810.07,75.0
PRJEB52923,34,0.7115561738693392,2404.375,86.5
PRJEB52938,414,0.23718195076537335,326.12,6.0
PRJEB53401,103,0.6437315414293305,327.52,46.0
PRJEB53403,101,0.4946351928320754,552.02,44.0
PRJEB53551,193,0.37871624664704223,1976.18,57.0
PRJEB53954,60,0.4089178451222535,214.935,20.0
PRJEB54707,71,-0.1495891957208849,836.45,14.0
PRJEB54728,24,0.36292441943480125,960.48,43.0
PRJEB54991,152,-0.12160215776411941,2033.71,13.0
PRJEB55366,51,0.2573065475109904,2310.59,37.0
PRJEB55607,94,0.40359731302934704,3021.89,66.0
PRJEB55648,201,0.1754355263284545,558.77,70.0
PRJEB55711,38,0.4978096613633206,134.11,16.5
PRJEB55713,51,-0.2247583607005941,2087.81,37.0
PRJEB55714,343,0.0014138633233218053,388.62,7.0
PRJEB55787,35,0.354128868125734,3272.06,47.0
PRJEB56022,279,0.3357068452011504,1586.12,61.0
PRJEB56264,311,0.9185717048333538,85.48,26.0
PRJEB56674,61,0.12808405807794288,826.89,28.0
PRJEB56741,69,0.3395779411453096,629.12,55.0
PRJEB56784,78,0.4863173124466323,365.825,36.0
PRJEB56830,389,0.37601193273063704,1844.83,64.0
PRJEB57228,41,0.09675734570214435,5150.45,78.0
PRJEB57404,84,0.5241324432066541,532.005,24.5
PRJEB57770,108,0.3219085732034994,2445.62,48.5
PRJEB57911,54,0.0009210079972929038,2332.7,9.0
PRJEB58106,105,0.46577542797667065,884.98,75.0
PRJEB58436,398,0.7566525973160931,323.22,22.0
PRJEB58441,524,0.3843581114891086,4150.0599999999995,70.0
PRJEB58696,24,0.4389820382247657,2661.94,32.0
PRJEB58787,44,0.5869058057855323,20.745,3.0
PRJEB58815,20,0.06024103217206136,2197.295,50.0
PRJEB58864,256,0.7952324051269302,141.155,39.5
PRJEB59119,27,0.06997712176417419,3583.2799999999997,111.0
PRJEB59350,125,0.31058805911281806,2305.98,72.0
PRJEB59709,84,0.2994579820851484,616.405,55.0
PRJEB60398,83,0.696047017925184,1478.84,41.0
PRJEB60573,174,0.5351856416528696,1580.1100000000001,56.0
PRJEB6070,181,0.5979096077829616,956.18,51.0
PRJEB60773,233,0.25279510486980844,1134.04,53.0
PRJEB6092,23,0.5200824577748983,1403.45,55.0
PRJEB61039,28,0.3397262313988116,706.645,28.0
PRJEB61276,68,0.5112229727697517,1641.07,56.0
PRJEB61661,22,0.1491947413698661,1894.26,61.0
PRJEB61942,63,0.3126515975889693,2218.74,60.0
PRJEB62041,308,-0.02741507642295647,704.325,10.0
PRJEB62463,78,0.40112352225939635,4245.455,82.0
PRJEB62473,898,0.26688620761572135,1192.82,39.0
PRJEB62571,23,0.9621970541912455,10.65,4.0
PRJEB62690,1011,-0.08149377451872164,1795.94,11.0
PRJEB62783,30,0.8003561887977018,1088.6,47.5
PRJEB62848,165,0.06746757284571821,3015.34,13.0
PRJEB63222,38,0.2778542947755278,2003.51,71.5
PRJEB63347,35,0.05983325878970453,614.11,68.0
PRJEB63351,253,0.28468269232353866,1577.7,52.0
PRJEB6337,235,0.44643844326114157,868.0,36.0
PRJEB6456,357,0.3534829222136016,1075.72,21.0
PRJEB64567,32,0.7738628020286519,937.5999999999999,14.5
PRJEB64621,73,0.01666731108942333,3238.75,47.0
PRJEB65418,62,0.5553526816372544,299.23,51.0
PRJEB65440,76,0.33667305338928544,1643.895,28.0
PRJEB66265,44,0.46783766228070894,1406.25,27.0
PRJEB66343,44,0.472795362182402,3694.915,75.0
PRJEB66493,114,0.29180625883859657,845.1800000000001,35.0
PRJEB66728,55,-0.25226791705500484,2832.92,12.0
PRJEB67456,118,0.16243358857658333,1770.4699999999998,39.0
PRJEB68317,373,0.1881115716021294,1779.46,83.0
PRJEB68363,195,0.927590307639506,65.19,13.0
PRJEB6921,151,-0.1524641210855159,402.6,27.0
PRJEB6997,209,0.29984340947600285,1846.72,54.0
PRJEB70916,28,0.27671249492967714,774.97,55.0
PRJEB70966,201,0.4033973023426605,1298.24,57.0
PRJEB72212,185,-0.04773948412760618,1266.65,53.0
PRJEB72300,118,0.5895484554326279,364.545,45.5
PRJEB72523,143,0.3579730872803548,1297.1,67.0
PRJEB72524,185,0.18655139581557037,861.37,69.0
PRJEB72525,116,0.27885271748659873,706.9300000000001,56.0
PRJEB72531,128,0.4735059553503926,1824.395,73.0
PRJEB73590,96,0.23977206047209018,4751.675,29.5
PRJEB7369,68,0.2634358072872097,4719.975,60.0
PRJEB73820,59,0.40778381278857834,1581.24,56.0
PRJEB73985,170,0.1826922146035549,3166.215,51.5
PRJEB74144,33,0.8344142535128438,63.7,20.0
PRJEB74322,141,-0.05929831081546931,949.7,14.0
PRJEB74426,78,0.5586885777667925,2736.7749999999996,37.0
PRJEB75460,895,0.24283165517872685,2088.61,67.0
PRJEB75462,10603,0.27243654478927143,1166.11,64.0
PRJEB75463,7619,0.3248961550687924,1135.38,64.0
PRJEB75464,11851,0.35136516878999385,1107.22,77.0
PRJEB75465,2025,0.3370541063630148,1309.47,76.0
PRJEB75958,79,0.8100719703180822,91.75,22.0
PRJEB76236,183,0.2962544167480639,287.51,47.0
PRJEB76661,361,0.5423741696442167,1440.6000000000001,60.0
PRJEB76662,40,0.6596913038210033,1862.0,57.5
PRJEB76664,131,0.6600246019332001,1314.5,73.0
PRJEB76666,150,0.3678805655428599,2688.985,70.0
PRJEB76677,22,0.37772161009179545,1265.5149999999999,51.5
PRJEB76817,243,0.37170331656171357,1212.0,65.0
PRJEB76849,68,0.5111843478143484,2075.935,56.0
PRJEB77105,144,0.3363056150283801,2438.9399999999996,79.0
PRJEB77202,449,0.0016035576781561424,665.85,12.0
PRJEB77410,40,0.4418168479442888,1668.48,45.0
PRJEB77729,81,-0.21654781728284297,2070.5,13.0
PRJEB7774,142,0.28921852779211155,1579.92,60.0
PRJEB78698,235,-0.09339153270416206,682.16,60.0
PRJEB79317,280,0.22615045905986342,4676.175,48.0
PRJEB79379,37,0.07370926163882369,550.41,53.0
PRJEB7949,34,-0.07621097909797916,762.63,62.0
PRJEB79832,139,0.1323178131462226,923.75,72.0
PRJEB79896,871,-0.11545334238801767,1969.02,10.0
PRJEB80556,38,0.3310507156641154,805.085,32.5
PRJEB80699,92,0.2882783154337036,1010.87,73.0
PRJEB8094,71,0.3350481986483018,2718.76,30.0
PRJEB81106,513,0.7630000114038107,108.48,23.0
PRJEB81519,208,0.8763446188150215,106.565,26.0
PRJEB81697,592,0.4963075540156174,1892.545,67.0
PRJEB81698,128,0.6021824240882704,1993.645,76.0
PRJEB81868,104,0.14987460355147625,2332.7799999999997,72.0
PRJEB8249,20,0.2923895942169475,650.8399999999999,69.5
PRJEB82904,99,0.1686914139648819,456.44,43.0
PRJEB82926,30,0.38236821471145144,428.65999999999997,8.0
PRJEB83236,85,0.11915866068595073,364.06,6.0
PRJEB83322,166,0.5964437272263442,230.995,50.0
PRJEB8347,68,0.533166745095009,1162.8899999999999,37.0
PRJEB83552,1383,-0.27631945681714826,695.82,6.0
PRJEB84128,56,0.4445471995122542,542.46,62.0
PRJEB84376,55,-0.18961042621620655,106.68,1.0
PRJEB85985,740,0.511542784370237,2100.94,53.0
PRJEB86263,72,0.5968178984583635,2260.0150000000003,46.0
PRJEB86954,45,0.6441684430567579,181.32,25.0
PRJEB87209,49,0.25958186392853083,354.79,22.0
PRJEB87348,51,0.8309468156930337,48.38,8.0
PRJEB87608,48,0.43550075115356474,1797.27,37.0
PRJEB87701,181,0.38829013553933334,1858.11,52.0
PRJEB88212,87,0.21712198651652576,1152.88,59.0
PRJEB89526,42,0.539734169036829,2872.265,65.0
PRJEB89837,29,0.3719327629713076,1079.67,48.0
PRJEB89898,208,0.7758573620483418,215.815,21.0
PRJEB90577,342,0.5284317249968711,247.755,18.0
PRJEB9150,38,0.5833974421797126,164.16500000000002,18.0
PRJEB91542,158,0.009618822709396214,2027.1,64.5
PRJEB91718,29,0.5051154351498152,1772.98,45.0
PRJEB93866,58,0.6348619750233804,1962.33,60.0
PRJEB9403,121,-0.30161179492859574,509.41,1.0
PRJEB94043,249,0.19261531333170734,3382.17,69.0
PRJEB9524,50,0.8558178859358667,44.115,12.0
PRJEB9576,224,0.5732018833990683,2125.075,70.5
PRJEB9584,187,0.5814808727217199,1138.03,62.0
PRJEB95899,23,0.28889460628101726,1754.98,44.0
PRJEB96399,210,0.32115443439449676,2055.215,73.0
PRJEB96487,33,0.4411741361374405,2454.06,45.0
PRJEB97162,25,0.7780973428144322,9.79,4.0
PRJEB97797,39,0.03971029178147478,3047.94,81.0
PRJEB97980,51,0.10813261305661427,4734.18,44.0
PRJEB98069,443,0.11972767321897108,749.57,31.0
PRJNA1000186,110,0.4002310551645714,3230.965,59.0
PRJNA1000586,33,0.17737633028894673,1776.94,41.0
PRJNA1001944,139,0.3884340178732775,1122.21,43.0
PRJNA1002577,91,0.5241224583074884,1056.97,40.0
PRJNA1002850,69,0.45140365479900774,4371.46,70.0
PRJNA1004651,84,0.7734551050296335,246.535,17.0
PRJNA1004858,87,-0.0056171334472639835,1961.55,47.0
PRJNA1004982,1513,0.2592805520642921,1030.08,53.0
PRJNA1005411,155,0.7386233725340198,112.92,13.0
PRJNA1005702,163,0.21535582031705672,4141.28,43.0
PRJNA1007398,47,0.1914844703153761,874.25,33.0
PRJNA1007579,47,0.3829246129564755,1843.5,43.0
PRJNA1008138,64,0.10840835904434358,563.67,54.0
PRJNA1009084,49,0.5912626801710651,93.62,18.0
PRJNA1011235,26,0.5175304255694566,2260.17,70.0
PRJNA1011937,455,0.44995754615388756,1749.66,44.0
PRJNA1015704,72,0.29403822839781846,710.31,17.0
PRJNA1016439,40,0.501173213322897,554.48,21.5
PRJNA1019702,290,-5.800069108479611e-05,738.4449999999999,10.0
PRJNA1023304,84,0.3003576206894135,1559.74,51.5
PRJNA1023737,85,0.5906712175700544,3301.39,45.0
PRJNA1023929,53,0.5016340389865913,2884.18,49.0
PRJNA1025016,339,0.4732658409282511,188.63,27.0
PRJNA1026631,41,-0.10056327831007109,636.32,10.0
PRJNA1027357,862,0.2599699153487523,1306.205,64.0
PRJNA1028158,27,0.7686908897563525,50.34,12.0
PRJNA1029046,27,-0.11189557378451234,509.7,14.0
PRJNA1030906,22,0.6195990080455441,435.995,34.5
PRJNA1031616,27,0.7022325538233306,1636.43,51.0
PRJNA1031773,497,0.03217773296904066,1788.3,15.0
PRJNA1032163,20,0.32743716769314224,2834.2250000000004,34.0
PRJNA1032744,68,0.2533681681651342,264.19500000000005,20.0
PRJNA1033539,80,0.7579422091700754,116.22,13.0
PRJNA1034076,30,-0.30976521510887584,2429.3500000000004,49.0
PRJNA1035431,453,0.3547862196481058,1236.55,40.0
PRJNA1035800,27,0.24086833118334158,2717.14,52.0
PRJNA1036590,41,0.11947334790233001,1032.77,39.0
PRJNA1037036,114,0.1793120581010139,797.9849999999999,27.0
PRJNA1039781,208,0.3176522730809511,583.155,10.0
PRJNA1042647,140,0.09645867252215476,400.53,21.0
PRJNA1042925,363,0.3303606273650494,3468.44,48.0
PRJNA1043247,33,0.5079107202033747,1085.59,65.0
PRJNA1043252,37,0.30300164678068503,372.78,36.0
PRJNA1043691,41,0.5018302934681397,651.05,41.0
PRJNA1044118,47,0.14637395122683608,487.18,48.0
PRJNA1044231,112,-0.011460437844359876,3789.465,51.0
PRJNA1045584,390,0.6932714675268545,408.445,16.5
PRJNA1045596,429,0.4255231686081577,339.8,33.0
PRJNA1045861,48,0.6386423513136752,3169.41,53.0
PRJNA1045967,48,0.05520542273031409,1262.51,31.5
PRJNA1046283,44,-0.031092469863527022,2795.315,37.0
PRJNA1046438,424,0.5027316718893983,467.455,46.0
PRJNA1049470,69,-0.24914093609078725,5573.52,46.0
PRJNA1049511,1322,0.1977972208849593,1655.58,24.0
PRJNA1049662,32,0.4919296995293186,1991.06,50.0
PRJNA1050903,54,0.27318134265605937,2348.89,61.5
PRJNA1051094,52,0.6621443701419,17.18,3.0
PRJNA1053635,138,0.3427470772203733,2077.665,42.0
PRJNA1054290,44,-0.0849023512076395,2048.04,50.5
PRJNA1055134,25,0.37788256221883243,40.01,13.0
PRJNA1056456,306,0.12518597476191723,2024.115,49.0
PRJNA1056458,37,0.5654962205878918,148.47,18.0
PRJNA1056768,154,0.08610374957519022,1165.2649999999999,33.0
PRJNA1056769,69,0.29840958618480756,1183.99,33.0
PRJNA1056888,106,0.3522482818670104,1997.945,57.0
PRJNA1059286,145,0.14320243587960604,2843.96,56.0
PRJNA1060349,253,0.23108873728426066,325.7,48.0
PRJNA1060633,149,0.31076962604797914,2430.35,50.0
PRJNA1061168,60,0.519883865649518,920.88,51.0
PRJNA1062109,69,0.44074647663753097,2763.81,52.0
PRJNA1062322,41,-0.27648666965531055,1673.63,6.0
PRJNA1062586,376,0.28340474176267566,1232.745,39.5
PRJNA1063508,62,0.12431187962152339,631.3199999999999,53.5
PRJNA1064467,82,0.579304361566312,925.075,48.0
PRJNA1065277,61,0.20833461178247392,5360.22,12.0
PRJNA1065874,57,0.41334251943018996,1976.81,46.0
PRJNA1065951,49,0.21893052857522538,3646.92,58.0
PRJNA1066476,80,0.4503557765023404,1689.625,28.0
PRJNA1067312,156,0.12523817124441572,3795.165,49.0
PRJNA1067813,437,0.4875351569195157,215.11,19.0
PRJNA1068646,153,0.7076898801735321,10.87,3.0
PRJNA1069622,39,0.3085026242023238,545.97,21.0
PRJNA1071720,184,0.8658624052254954,66.78,18.0
PRJNA1072081,883,0.2899350336733435,340.72,13.0
PRJNA1072756,229,-0.110800449105342,788.36,4.0
PRJNA1074135,138,0.5508954373557455,213.11,44.0
PRJNA1074507,96,0.1273113574344647,1590.6,40.0
PRJNA1075157,27,0.17053802474435864,3069.5,41.0
PRJNA1076911,21,-0.18730213816333918,1111.11,12.0
PRJNA1077400,1128,0.16539659448171012,2149.95,50.0
PRJNA1077691,436,0.3126388492040944,308.96500000000003,10.0
PRJNA1077752,57,0.06338704993193593,1021.82,37.0
PRJNA1078999,90,0.5447407119061984,45.84,2.0
PRJNA1079705,439,0.4271021789006782,2770.43,46.0
PRJNA1079906,121,0.4326693673435448,2878.02,41.0
PRJNA1080077,98,0.05063631932212147,5054.41,43.0
PRJNA1080518,90,0.052685022666661536,860.415,9.0
PRJNA1081952,858,-0.014679346355983709,528.745,20.0
PRJNA1082632,124,0.4299548809959171,487.565,60.5
PRJNA1082665,692,0.010756111356138064,438.12,38.0
PRJNA1083321,320,0.14174968539957422,3920.12,52.5
PRJNA1083602,48,0.3115529536645707,717.985,47.0
PRJNA1084251,21,0.2320443091831001,1761.55,41.0
PRJNA1086048,1011,0.2422777941605791,2067.02,46.0
PRJNA1086532,388,0.21040171202776045,1176.08,8.0
PRJNA1086674,35,0.09546566568258791,305.47,13.0
PRJNA1086951,634,0.40018158276229676,507.295,52.0
PRJNA1087376,211,0.0298379900763755,1578.01,22.0
PRJNA1088414,71,0.32286262246962977,389.64,18.0
PRJNA1088844,266,0.5207892287511746,534.505,67.0
PRJNA1090034,189,0.5567083675979873,4291.46,50.0
PRJNA1090271,85,0.19741081991619014,912.17,22.0
PRJNA1090850,33,0.2855948988371253,4600.45,69.0
PRJNA1091163,25,0.29462765068771835,735.54,56.0
PRJNA1091934,26,0.0941136704103202,1214.245,37.0
PRJNA1092365,150,0.29752962419928564,2022.315,56.0
PRJNA1092797,93,0.04200555504983109,2034.93,49.0
PRJNA1093259,65,0.06315261370193208,1889.48,69.0
PRJNA1093424,24,0.2768227971827251,942.13,53.5
PRJNA1094595,23,0.9631813053606207,17.77,7.0
PRJNA1096289,64,0.3777538782530224,7190.4400000000005,76.5
PRJNA1096331,54,0.19490897438057442,622.53,46.0
PRJNA1096686,91,0.7599078295292973,134.12,33.0
PRJNA1099236,209,0.5545929763172935,1592.79,44.0
PRJNA1099539,29,0.0914581876235146,2044.34,68.0
PRJNA1099775,119,0.44082990574322445,225.1,25.0
PRJNA1102742,48,0.714223964263167,3485.5249999999996,46.5
PRJNA1104421,51,0.24432425404461078,525.3,28.0
PRJNA1105631,47,0.6825439322184179,82.05,4.0
PRJNA1106565,603,0.21779811448506486,401.59,28.0
PRJNA1107274,106,0.22105965133940303,2101.315,54.5
PRJNA1107280,45,0.17923279460485808,1242.61,47.0
PRJNA1110178,638,0.08866405003577209,2193.42,73.0
PRJNA1110638,63,0.2782171819283528,3376.08,46.0
PRJNA1111312,47,0.5317795607214036,359.71,45.0
PRJNA1112983,180,0.33122825701017045,1896.6100000000001,27.0
PRJNA1113165,674,0.8142907643117029,5630.77,58.0
PRJNA1113191,37,-0.3962972634064101,2336.0,51.0
PRJNA1114651,62,-0.24773256894507342,1815.1,50.5
PRJNA1115039,81,0.24917256960194842,1831.74,70.0
PRJNA1115893,159,0.22294751559729312,2298.81,55.0
PRJNA1116523,349,0.2759329507688918,1004.16,42.0
PRJNA1116923,385,0.34024606173110483,1938.96,34.0
PRJNA1118222,52,-0.10886417849810412,1853.4850000000001,44.0
PRJNA1121295,61,0.5053713425318006,990.68,51.0
PRJNA1121316,422,0.5807737683144487,154.5,17.0
PRJNA1121964,92,0.3530097079313908,3538.38,41.0
PRJNA1122128,41,0.2920556511860608,1946.57,17.0
PRJNA1122782,40,0.22018574870109864,668.9649999999999,38.0
PRJNA1123170,692,0.17338500880195845,510.5,21.0
PRJNA1123460,22,0.17359361421883415,1984.25,46.0
PRJNA1125469,461,0.3991662573422997,677.13,48.0
PRJNA1127293,146,0.343243205571585,2290.19,53.5
PRJNA1128111,69,0.49498385152569,2723.04,33.0
PRJNA1128143,75,0.4918737566177232,422.69,43.0
PRJNA1128723,60,0.24123940032187136,701.3,27.0
PRJNA1129514,136,0.34937243408183544,2015.2150000000001,29.5
PRJNA1129893,75,-0.007358017601697056,4877.47,45.0
PRJNA1130109,179,-0.006768119479269647,648.69,15.0
PRJNA1130110,449,0.23377878478299458,2728.74,41.0
PRJNA1130508,22,0.06723164914801853,2455.88,53.5
PRJNA1130699,47,0.31411222249919024,5258.99,60.0
PRJNA1132291,207,0.345066496079242,410.64,57.0
PRJNA1132584,44,0.27095462134617965,1325.185,46.5
PRJNA1134172,176,0.2449092530349051,400.585,28.0
PRJNA1134713,44,0.5643925756001482,388.605,44.0
PRJNA1134897,290,0.2775757611962559,3193.515,44.0
PRJNA1135155,33,0.274391820252765,2156.4,36.0
PRJNA1135500,86,0.1627329002491867,752.0350000000001,22.0
PRJNA1135717,85,0.22351192455012484,1273.51,45.0
PRJNA1137057,1602,-0.11139637309647649,467.315,33.0
PRJNA1137832,130,0.7192628526819626,297.425,28.5
PRJNA1138246,293,-0.4305661853464754,2921.21,19.0
PRJNA1138254,36,0.6927239040744885,727.855,22.5
PRJNA1138893,43,0.48369683113845513,1412.98,44.0
PRJNA1139690,244,0.22855090704663866,1100.435,62.0
PRJNA1139951,29,0.30383875334227944,3703.87,28.0
PRJNA1140720,935,-0.036438963004421204,3918.8,36.0
PRJNA1142390,41,0.12794358045833626,1988.59,44.0
PRJNA1142892,98,0.15771901924254264,480.55,59.5
PRJNA1142935,61,0.4600120289093156,3731.76,62.0
PRJNA1143669,59,-0.3243689794983552,7812.56,13.0
PRJNA1143728,60,0.17980817864180032,1091.99,62.5
PRJNA1145027,63,0.3463524602813099,360.37,11.0
PRJNA1145581,68,0.24129933721674054,8967.099999999999,58.0
PRJNA1148078,174,0.22538686012467699,3360.065,48.0
PRJNA1148144,24,0.01436970969976283,642.06,12.0
PRJNA1148165,39,0.10354090201696164,2764.16,34.0
PRJNA1148628,93,-0.6498310856128353,3469.46,7.0
PRJNA1150199,21,0.4616388818666407,694.5,55.0
PRJNA1152927,59,0.14794025743398034,3451.49,48.0
PRJNA1153735,72,0.5631773693391691,1752.4650000000001,43.5
PRJNA1153928,36,0.33837842735240214,607.095,46.0
PRJNA1154401,47,0.18899690771007058,1892.82,37.0
PRJNA1154644,92,0.2064933134841957,1696.9450000000002,15.5
PRJNA1155319,76,0.5656974178580777,321.255,23.0
PRJNA1155655,73,0.511995357015989,2912.1,39.0
PRJNA1156595,295,0.4007050372414774,978.0,34.0
PRJNA1156897,115,0.20822801590734283,684.01,48.0
PRJNA1157208,416,0.03682709701734644,472.685,21.0
PRJNA1157371,1630,0.6119659441449429,1565.45,95.0
PRJNA1157403,178,0.5292504348347098,216.57999999999998,26.0
PRJNA1157410,132,0.532989913489955,3133.9049999999997,50.0
PRJNA1157583,81,0.0543704348195054,2230.45,52.0
PRJNA1158700,39,0.5695049366678842,5032.87,51.0
PRJNA1159006,35,-0.00420757777085133,1125.76,36.0
PRJNA1160072,24,0.3834782608695652,2272.215,36.0
PRJNA1160256,21,0.5829549165687593,457.93,41.0
PRJNA1161622,24,0.19163792148451922,4643.535,73.5
PRJNA1162635,103,-0.10188864404452998,1656.71,11.0
PRJNA1164032,48,-0.004942295600777655,1896.115,39.0
PRJNA1165922,90,0.327781824801979,4142.085,56.5
PRJNA1165964,39,0.4158648268932936,2222.6,57.0
PRJNA1167328,935,0.22594045813176855,664.07,45.0
PRJNA1167935,63,0.4526059684671233,3527.09,67.0
PRJNA1169096,116,0.3043519754585594,908.3399999999999,57.0
PRJNA1169175,231,0.17631909779300575,1938.52,54.0
PRJNA1169537,586,0.3300460410389862,286.03,38.0
PRJNA1169661,88,0.08346355091567491,401.275,7.0
PRJNA1170870,40,0.2847757162690447,1832.1950000000002,43.0
PRJNA1171107,156,0.329524865796516,2409.5299999999997,68.5
PRJNA1171148,24,-0.4860750317849796,4670.32,61.0
PRJNA1171764,169,0.10405180636784732,996.07,50.0
PRJNA1172418,30,0.348842464261748,730.095,27.5
PRJNA1172987,76,0.5308570679075769,1342.58,51.0
PRJNA1173239,38,-0.15201577774004751,371.78,14.0
PRJNA1173388,81,0.24258922316310289,1732.65,45.0
PRJNA1177009,289,0.5554666829074966,1035.39,55.0
PRJNA1177516,336,0.025856983672499893,1907.4450000000002,29.0
PRJNA1177813,114,0.19583123587761345,167.08,31.0
PRJNA1178154,46,0.1323252978271541,2110.115,49.5
PRJNA1181655,100,0.018909323757595888,1472.7649999999999,58.5
PRJNA1181778,549,0.38099944595501184,1456.12,56.0
PRJNA1183595,60,0.02338189939163081,3028.26,58.0
PRJNA1183628,36,0.17651604252206235,1266.97,84.5
PRJNA1184021,45,0.300260671710727,5428.53,89.0
PRJNA1184213,89,0.26073518926662637,1168.92,31.0
PRJNA1184735,106,0.20653867486186048,734.8,23.0
PRJNA1186265,89,0.3633902297771459,1995.9,47.0
PRJNA1188789,193,0.28728984161095844,3709.77,52.0
PRJNA1189133,187,0.07715664460145245,2159.29,52.0
PRJNA1189459,77,-0.07701738761993226,803.23,10.0
PRJNA1189516,94,0.4236712702956625,742.2,61.5
PRJNA1189811,31,-0.014946500154503687,1878.69,42.0
PRJNA1190411,174,0.4936343582145297,2817.825,61.0
PRJNA1191223,90,-0.1574982540803511,488.6,5.0
PRJNA1191672,31,0.4427176517697934,1181.33,30.0
PRJNA1194543,112,0.21952205460008026,2027.665,79.5
PRJNA1194741,176,0.35299519453579886,1333.8000000000002,63.0
PRJNA1195013,44,0.20399676368909153,2592.9,70.5
PRJNA1195215,1700,0.34178865141527304,1424.495,45.0
PRJNA1195614,49,0.7720354043914418,34.97,8.0
PRJNA1195696,71,0.0068115674489396495,3250.22,41.0
PRJNA1195999,97,0.0026702885963789586,2900.4,56.0
PRJNA1197998,890,0.3944066341232874,905.2149999999999,56.0
PRJNA1198331,68,0.06136038364330832,3065.435,68.0
PRJNA1199203,106,0.705507367547033,360.85,54.0
PRJNA1199756,46,0.28052967798250883,3325.92,53.5
PRJNA1200201,23,0.05295726826837866,1773.45,30.0
PRJNA1200790,116,-0.035904497313367444,1630.665,52.5
PRJNA1200893,812,0.3042191186451681,1265.7150000000001,48.0
PRJNA1201247,40,0.2581774774929109,2801.505,25.5
PRJNA1201249,609,0.4351934723447326,2233.99,57.0
PRJNA1202717,57,0.7017797951387738,793.68,65.0
PRJNA1203401,79,0.32370101088819264,3355.16,44.0
PRJNA1206145,108,0.02393018459191288,556.31,13.0
PRJNA1206184,100,0.21612002545160824,1732.3049999999998,57.0
PRJNA1208576,77,0.18800307720083811,3199.62,51.0
PRJNA1209112,68,0.2346213224222924,581.585,41.5
PRJNA1209332,85,0.36497218164061124,1283.59,41.0
PRJNA1210004,119,0.6130874029454418,619.26,55.0
PRJNA1210837,92,0.03144525823507585,2112.785,46.5
PRJNA1212336,234,0.06639565036410487,3112.3,64.5
PRJNA1214038,102,0.10204885462317867,672.45,62.5
PRJNA1214590,148,0.33953015778116896,2534.3,51.5
PRJNA1215598,84,0.3078201367265171,5684.85,49.5
PRJNA1216426,150,0.5704249552292322,152.85500000000002,32.0
PRJNA1217583,33,0.42993543525573463,2289.1,17.0
PRJNA1218764,51,0.32118850413743294,2081.82,75.0
PRJNA1219628,103,0.7815466579989276,33.9,11.0
PRJNA1220173,60,0.512459910146441,1144.9450000000002,42.0
PRJNA1221063,367,0.23630343075783042,2096.84,47.0
PRJNA1221235,91,0.1584517388953938,2354.93,57.0
PRJNA1224809,183,0.25109518539450454,3045.69,55.0
PRJNA1225421,209,-0.012217960761235222,864.18,28.0
PRJNA1226574,29,0.5249142404172618,2950.81,42.0
PRJNA1226730,68,0.11255396330736551,1552.0700000000002,42.0
PRJNA1226738,25,0.7028485531443496,2067.59,45.0
PRJNA1226748,101,-0.4402513509149757,1281.89,31.0
PRJNA1226940,212,0.17799121091279638,1936.225,49.0
PRJNA1227423,167,0.19011705151061428,2974.21,54.0
PRJNA1227883,77,-0.03052938300458434,2519.92,14.0
PRJNA1227979,251,0.3359059020150323,1669.84,42.0
PRJNA1229669,85,0.3406786124235704,1982.99,44.0
PRJNA1230553,84,0.7202225426877308,1899.775,31.0
PRJNA1231247,39,0.1772382801536378,1816.17,7.0
PRJNA1232352,59,0.3515465417522929,2857.3,46.0
PRJNA1233922,37,0.0010727217251383955,1637.37,8.0
PRJNA1234627,55,0.5934709166401388,1966.45,46.0
PRJNA1235197,1621,0.1931228512546984,782.98,50.0
PRJNA1235679,55,0.23524957315539455,1592.15,45.0
PRJNA1235738,151,0.22509012661097036,2270.65,58.0
PRJNA1236664,174,0.09250608132453081,864.23,63.0
PRJNA1236935,22,0.21254959881564753,1792.305,73.5
PRJNA1237248,883,0.5232187443408426,1926.01,61.0
PRJNA1238196,35,0.513240902845333,1445.06,45.0
PRJNA1238458,82,0.8733413478959365,70.655,3.0
PRJNA1238858,119,0.5762388633083708,1870.35,61.0
PRJNA1240691,73,0.4049832648068853,1890.18,28.0
PRJNA1243589,48,0.6158652262598859,304.725,32.0
PRJNA1243897,59,0.143748825241218,2565.22,60.0
PRJNA1244851,35,-0.2562018849119952,2702.37,34.0
PRJNA1245618,38,0.9006079793255919,11.16,4.0
PRJNA1245671,88,0.20449371848560455,3752.415,64.0
PRJNA1246224,702,0.2944283215774976,785.095,60.0
PRJNA1247145,133,0.5326507251099527,623.13,27.0
PRJNA1247491,34,0.6391807460189826,96.04,7.5
PRJNA1247940,71,0.3409159968729832,585.27,58.0
PRJNA1248002,63,0.45141155829983987,626.48,64.0
PRJNA1249606,132,0.3247492910950575,932.915,41.0
PRJNA1249971,145,0.19646771863603418,880.49,42.0
PRJNA1251707,310,0.35677966042143244,1422.745,72.0
PRJNA1256532,38,0.03339904616791788,3236.77,49.0
PRJNA1257550,1450,0.07638931899803762,1746.1599999999999,17.0
PRJNA1257948,76,0.3410588863856119,1056.0,62.0
PRJNA1258611,57,-0.35916403001354325,4905.71,30.0
PRJNA1258750,36,0.38279248936932,2482.04,50.0
PRJNA1258884,434,0.23057638639196146,1996.5149999999999,72.0
PRJNA1259152,1233,-0.09066467510680755,1616.01,36.0
PRJNA1259758,65,0.5881800704866059,2054.75,26.0
PRJNA1260751,26,-0.5552152645203988,3172.4700000000003,10.5
PRJNA1261967,175,-0.011550457942195332,3575.08,48.0
PRJNA1262070,43,0.5282937393086251,216.73,42.0
PRJNA1262688,51,-0.0033057861620317047,1992.73,47.0
PRJNA1263159,42,0.5567045401747287,1126.98,29.0
PRJNA1263414,39,0.16925977431204584,959.91,49.0
PRJNA1263627,29,-0.11161760033015998,3070.94,68.0
PRJNA1265906,128,0.4435982143487038,348.28499999999997,42.0
PRJNA1266263,160,0.6045067676998339,553.615,49.0
PRJNA1266865,81,0.36813746445127427,482.85,33.0
PRJNA1267192,79,0.6191024881890038,780.65,50.0
PRJNA1267264,20,-0.3559067975171134,6233.015,71.5
PRJNA1268044,194,0.1761901931309829,2276.245,53.0
PRJNA1268045,92,0.39859068738212755,664.97,57.0
PRJNA1268178,98,0.4052517598665275,1631.53,70.0
PRJNA1268608,90,0.09648283932696403,1265.4,38.0
PRJNA1269031,255,0.6994778701192258,175.21,42.0
PRJNA1271016,282,0.3977790384000299,2108.0299999999997,71.0
PRJNA1272060,81,0.2059299222597465,3843.47,62.0
PRJNA1273620,317,-0.13526141688358595,1521.77,44.0
PRJNA1273656,57,0.09678989629448882,4991.68,45.0
PRJNA1274164,86,0.17474291813428203,1236.915,47.0
PRJNA1274175,157,0.1789179751995452,1895.64,49.0
PRJNA1274602,20,-0.4365208805567307,2291.285,5.5
PRJNA1274946,331,-0.11089060308947554,2630.51,31.0
PRJNA1275496,46,-0.19572018162363813,3813.675,23.0
PRJNA1276154,48,-0.21027765142249177,3918.575,38.0
PRJNA1279672,51,0.32992093637401715,3352.76,44.0
PRJNA1280936,870,0.03127814501756041,2538.9700000000003,17.0
PRJNA1281554,39,0.24194226669762894,417.35,44.0
PRJNA1283919,165,0.3474073372901272,1676.89,61.0
PRJNA1284285,25,0.14904692917143397,2112.47,49.0
PRJNA1284320,23,0.1735905893679084,3625.71,60.0
PRJNA1286160,240,0.051892497266979074,1994.605,31.0
PRJNA1287223,33,0.5303564323114555,2262.15,66.0
PRJNA1288138,44,0.4254016296489923,4873.96,45.0
PRJNA1289665,38,0.48836338998079243,3272.3199999999997,45.0
PRJNA1289810,38,0.13675684545392053,826.6600000000001,61.5
PRJNA1289847,203,0.2672226948090768,2241.13,67.0
PRJNA1290379,221,-0.23151888719455402,863.96,9.0
PRJNA1290813,105,0.2734970655975191,4210.18,72.0
PRJNA1291832,86,0.23205768078959382,1837.115,63.5
PRJNA1293117,47,-0.22596525081493535,5208.07,21.0
PRJNA1298367,89,0.2435206282316673,3586.62,46.0
PRJNA1299468,72,0.27690750274577863,851.5,72.5
PRJNA1300320,109,0.2533797470918075,2549.16,69.0
PRJNA1303200,211,0.04435265939468054,2204.42,70.0
PRJNA1303742,34,0.18897642268089263,957.96,63.5
PRJNA1304185,873,0.22192848105636198,1488.22,53.0
PRJNA1304237,21,-0.21567673747286284,589.95,5.0
PRJNA1305443,579,0.2087434452928798,1190.19,63.0
PRJNA1305663,119,-0.26683417945486976,4105.55,10.0
PRJNA1306676,98,0.44786010080682614,781.39,46.5
PRJNA1306780,43,0.2680974016103665,954.53,48.0
PRJNA1307073,540,0.3443599448087703,1748.105,42.0
PRJNA1307628,34,-0.1726300198700905,4785.4,75.5
PRJNA1308792,56,-0.1244699953768638,3010.215,35.0
PRJNA1308943,32,0.44213920785266275,1625.27,33.5
PRJNA1309965,137,0.2300947209161098,1892.04,51.0
PRJNA1312123,42,0.2548435286478308,334.125,11.0
PRJNA1312275,22,0.923170126793514,51.28,2.0
PRJNA1313880,44,0.19330047119855714,3725.34,44.0
PRJNA1314234,190,0.30349375036200593,765.765,56.0
PRJNA1314852,55,0.3005812210895678,1820.82,44.0
PRJNA1317556,42,0.5517130846224882,1755.045,30.0
PRJNA1320713,142,0.353061590214103,1655.54,50.0
PRJNA1321953,52,0.23947548612902514,1774.5149999999999,42.5
PRJNA1322369,21,0.8417292732983463,27.7,6.0
PRJNA1322507,68,0.11612030901438952,768.355,48.0
PRJNA1329258,39,0.1797832924273308,2198.7,50.0
PRJNA1335605,144,0.27930179790988596,1492.25,50.0
PRJNA1344899,262,0.23548238315869957,1852.205,46.0
PRJNA1345963,104,-0.273324349685599,4706.525,35.0
PRJNA1347413,4429,0.22728870734524512,864.37,74.0
PRJNA1355505,38,0.3279497135069954,1093.9650000000001,23.0
PRJNA1356335,57,0.3077323194898464,2217.02,57.0
PRJNA1356513,42,0.314730869343384,318.525,28.5
PRJNA1356541,496,0.27229492966591456,3834.49,64.0
PRJNA1356643,145,0.5835623643168236,387.48,54.0
PRJNA1356862,602,0.9050493963941906,122.97,25.0
PRJNA1357304,2385,0.45620785687517496,842.95,61.0
PRJNA1363135,41,0.23503264883093863,1709.32,28.0
PRJNA1364313,285,0.4743703954553226,267.92,6.0
PRJNA1365125,36,0.02759125227232661,228.255,10.0
PRJNA1365436,39,-0.03818689377439325,2530.58,30.0
PRJNA1365657,30,0.7265445022312458,172.975,42.0
PRJNA1367192,51,0.19668291271384758,2534.09,48.0
PRJNA1367514,59,0.41109998328443215,1800.94,44.0
PRJNA1368374,118,0.16523488630103633,2624.245,9.0
PRJNA1370810,1006,0.18417527331745942,2619.0,75.0
PRJNA1371390,68,0.14475953802217664,815.11,24.0
PRJNA1372133,158,0.9212787475739208,86.65,18.0
PRJNA1374062,229,-0.03622704698481421,1963.17,45.0
PRJNA1377943,377,0.12047361926870567,1737.11,45.0
PRJNA1390327,196,0.29458828882771676,6073.32,51.5
PRJNA1390426,50,0.2951073036705351,3030.815,48.5
PRJNA1393457,70,0.28294128176702016,1000.9749999999999,61.0
PRJNA1395841,22,0.32551579935243513,4466.5650000000005,48.5
PRJNA1401532,38,0.32027228770575633,3759.2749999999996,44.0
PRJNA1402308,180,0.7176303179152165,387.35,26.0
PRJNA1403004,963,0.17132464146809204,261.07,14.0
PRJNA1404669,91,0.47696487777621444,1658.72,54.0
PRJNA1413407,107,-0.04420020180562176,932.29,8.0
PRJNA1417478,79,0.20814333779659,2594.46,53.0
PRJNA1423906,155,0.2302545216038315,2975.69,44.0
PRJNA1425773,405,0.9121848402805688,143.38,33.0
PRJNA1427647,106,0.19042532501546922,4315.785,48.5
PRJNA1429309,284,0.27961388253546515,343.45500000000004,34.0
PRJNA1464738,74,-0.01229802873653165,1424.825,18.5
PRJNA177201,25,0.40731491435322176,572.75,67.0
PRJNA188481,24,0.44120276014504073,847.145,68.5
PRJNA217052,239,0.29905176630273383,2320.58,34.0
PRJNA231909,124,0.31294311360233706,357.185,19.5
PRJNA237362,38,0.8426415090561576,1863.13,21.5
PRJNA240307,124,0.5346681386891935,1963.6149999999998,28.0
PRJNA243036,24,0.44546519172262267,2291.45,80.5
PRJNA268964,56,0.10009743512702847,1094.895,66.0
PRJNA273761,56,0.44071816342368175,633.4549999999999,9.0
PRJNA275349,76,0.2762247590775287,854.495,35.0
PRJNA278393,21,0.44567423867142864,764.11,79.0
PRJNA285502,39,0.5627784989748558,1345.88,59.0
PRJNA289586,83,0.26346466891736015,1077.95,56.0
PRJNA290380,716,0.44157492162002404,283.095,21.0
PRJNA290729,80,0.37829765474106875,540.565,46.0
PRJNA294605,138,0.3171544403716322,725.725,6.0
PRJNA296814,694,-0.04525748214259923,1591.625,22.0
PRJNA297252,208,0.6403132319601644,274.705,28.0
PRJNA299502,30,0.25097859296100056,1136.525,52.0
PRJNA301903,353,0.1266176699398856,211.26,6.0
PRJNA305507,27,0.5413424042204288,1004.94,59.0
PRJNA307231,145,0.24595308559912563,1153.44,61.0
PRJNA314903,88,0.24991195919298675,843.85,28.5
PRJNA321058,49,0.3027905668880936,709.17,27.0
PRJNA322188,55,0.36849050688005364,839.64,19.0
PRJNA324129,60,0.015151096050350605,1166.3400000000001,56.0
PRJNA327106,37,-0.1958402335029856,716.01,6.0
PRJNA328258,32,0.0948189099520748,985.97,49.0
PRJNA328899,102,0.38169664297594647,2710.1099999999997,61.0
PRJNA331073,20,-0.19216326424051963,2320.99,27.5
PRJNA338184,102,0.3315901798367557,2108.49,40.0
PRJNA340216,25,0.2963819200006293,1869.16,62.0
PRJNA345144,563,0.09117175787319037,652.95,14.0
PRJNA347511,67,0.5651549476263136,1340.54,58.0
PRJNA349197,26,0.2707051392529574,784.855,41.5
PRJNA349463,38,0.6984393382535217,292.95,36.0
PRJNA352220,348,0.4965213892794412,2201.58,46.0
PRJNA352475,100,0.01988001903830507,788.895,11.0
PRJNA353560,89,0.30371374734370304,1144.89,39.0
PRJNA353598,77,0.37164762105223226,210.29,5.0
PRJNA354235,1265,0.39528304799871866,585.3,47.0
PRJNA356102,149,0.28010543278303346,1579.84,38.0
PRJNA356225,138,0.13808170310763648,1503.08,33.0
PRJNA373901,76,0.3131553379410919,820.9200000000001,43.5
PRJNA375935,193,0.19118079430106716,965.7,41.0
PRJNA376566,351,0.13837553465268881,767.05,7.0
PRJNA379120,47,0.26016487783074843,1597.23,8.0
PRJNA379741,88,0.2295010002187898,1220.45,50.5
PRJNA379884,21,0.515437359053777,1804.03,47.0
PRJNA384246,151,0.2833725696673531,425.9,35.0
PRJNA384716,58,0.18145723987131346,643.54,25.5
PRJNA385949,232,0.5378256235858211,623.3299999999999,46.0
PRJNA386502,24,0.3154231691902429,1585.0,43.0
PRJNA386503,36,0.8372824752290529,27.93,12.5
PRJNA388263,340,0.7287111901369164,315.73,58.0
PRJNA389280,276,0.46177168309162175,433.615,24.0
PRJNA389927,128,0.9255290784076021,92.35,19.0
PRJNA390646,53,-0.46921333293638423,1168.51,7.0
PRJNA391226,62,0.09209833659017284,1763.705,35.0
PRJNA392180,32,0.8294206194152046,185.74,53.0
PRJNA394687,27,0.4114611140866345,7810.13,18.0
PRJNA394877,164,0.03545535732663497,4005.1549999999997,16.0
PRJNA395744,162,0.10120544372617488,1976.905,71.0
PRJNA396794,275,0.3819234484678618,1605.23,9.0
PRJNA397112,104,0.09106412601331576,235.685,25.0
PRJNA397219,22,-0.05772510545994791,16753.485,67.5
PRJNA397664,37,0.48745204265723663,787.16,60.0
PRJNA397906,38,0.508129505825621,2360.5299999999997,66.5
PRJNA398089,1220,0.3817093964631956,393.845,26.0
PRJNA399742,35,0.11045700570469418,2340.9,50.0
PRJNA400072,194,0.3173661379152459,781.185,48.5
PRJNA400628,387,0.41843059280413125,802.56,30.0
PRJNA401385,96,0.3766605820911948,1678.35,34.0
PRJNA401977,129,0.3154183201382191,1878.18,57.0
PRJNA406958,70,0.7784303397497017,26.700000000000003,13.0
PRJNA407341,63,0.8146299993391478,40.3,9.0
PRJNA407815,22,-0.12210296102175495,4870.045,66.5
PRJNA412411,143,0.31109298625856485,2979.19,54.0
PRJNA414688,80,0.20282382796217469,1294.155,37.0
PRJNA417343,237,0.20113181196689386,632.11,6.0
PRJNA420371,25,0.42664641481699983,919.2,31.0
PRJNA421881,67,0.10531148932611012,2916.03,60.0
PRJNA422434,339,0.2596095672085092,920.04,40.0
PRJNA429097,171,0.3877983974093107,1438.24,42.0
PRJNA429990,71,0.18660098800947061,1644.59,26.0
PRJNA431482,71,0.1318510281221096,1592.44,32.0
PRJNA432958,58,0.4082719498050595,2330.2749999999996,52.0
PRJNA433058,210,0.24616059614436547,1621.0,44.0
PRJNA433459,72,0.5270644135360779,2883.085,34.0
PRJNA436562,41,-0.40732871898951856,1352.97,14.0
PRJNA438847,33,0.44184308858040866,622.51,47.0
PRJNA445968,84,0.7348446410934919,202.07,40.0
PRJNA446038,29,0.4279518116826579,5.44,2.0
PRJNA447983,124,0.05445282142415616,1178.62,52.5
PRJNA448876,415,0.8035995730875323,183.46,22.0
PRJNA449784,272,0.3068560109848859,2983.645,50.0
PRJNA450025,52,0.49841992929074946,544.665,45.0
PRJNA451479,54,0.46955153123126325,2063.465,45.0
PRJNA453965,131,0.2806018142470983,5066.92,40.0
PRJNA454826,130,0.08037970616894431,1209.67,37.0
PRJNA473126,204,0.21094881421811648,223.42000000000002,17.0
PRJNA473225,36,0.06039120426987368,690.6600000000001,39.0
PRJNA473348,113,0.3096033419828482,689.45,45.0
PRJNA474024,24,-0.17422896207375066,39.985,2.0
PRJNA475246,123,0.26653007602296974,682.56,9.0
PRJNA475599,190,0.4930431137357358,421.365,30.0
PRJNA477357,62,0.17159028796180847,323.115,10.0
PRJNA479838,33,0.17594921690055226,2906.97,38.0
PRJNA480674,33,0.6332605077155297,38.02,12.0
PRJNA482729,20,0.23909774436090225,8764.125,46.0
PRJNA484031,58,-0.16480000631895897,1981.6750000000002,44.0
PRJNA485056,96,0.20708793690598606,1325.785,57.0
PRJNA486009,103,0.5260134110449531,577.27,27.0
PRJNA486782,185,-0.030103213875119432,1111.21,22.0
PRJNA489090,372,0.4313577339407207,170.9,15.5
PRJNA491335,179,0.35435728543855327,1746.39,74.0
PRJNA491626,54,0.7720314149608495,37.085,7.0
PRJNA491657,135,0.3674557600873971,1153.69,15.0
PRJNA492158,31,0.2633172770476464,2286.23,43.0
PRJNA492716,435,0.6409219536024015,226.85,35.0
PRJNA493884,37,0.7443469939526783,178.13,30.0
PRJNA494824,67,0.021664908148118302,1798.94,47.0
PRJNA496479,33,0.3479933888867972,551.07,45.0
PRJNA497734,1048,0.5481172009677225,204.77499999999998,17.0
PRJNA499081,38,0.806005744539016,68.715,13.0
PRJNA503546,53,0.14453220615381002,1037.81,64.0
PRJNA503909,90,-0.006819474454608319,714.4449999999999,58.0
PRJNA504891,45,-0.06128501156388066,1733.87,65.0
PRJNA509512,32,0.43137468419478386,92.475,21.0
PRJNA509999,135,0.38845159163134263,3110.88,53.0
PRJNA510445,1152,0.1701953169578225,637.185,17.0
PRJNA511899,36,0.6766342667854574,804.85,26.5
PRJNA514108,86,0.3385232971054211,3443.81,44.5
PRJNA516054,69,0.13733162788792846,1800.49,42.0
PRJNA521455,104,0.5552262211970281,1338.2849999999999,48.0
PRJNA521587,145,0.5155704470455164,576.88,58.0
PRJNA521878,43,0.30270449483533074,155.98,5.0
PRJNA524170,101,0.33592788216992925,347.79,16.0
PRJNA524322,26,0.5391899658375391,63.02,10.5
PRJNA524339,26,0.9061958586149991,18.205,10.0
PRJNA524703,135,0.6102191648736525,265.19,17.0
PRJNA525458,31,0.6100573388963607,274.09,35.0
PRJNA525982,27,0.5646999792694024,61.42,13.0
PRJNA526861,80,0.22586345038662675,552.84,37.5
PRJNA528511,815,0.29531544558470907,1256.88,64.0
PRJNA528960,129,0.22439137434356948,1923.61,51.0
PRJNA529124,41,0.21438543457268663,1495.52,53.0
PRJNA529487,28,0.396001735972435,1898.81,51.0
PRJNA529586,364,0.8215390100020595,95.47,23.0
PRJNA530252,145,0.642386828328132,327.78,16.0
PRJNA530620,27,0.38085128612698055,1370.08,35.0
PRJNA530971,80,0.25188830728339995,2737.12,51.0
PRJNA531203,29,0.23295953451272586,2335.33,50.0
PRJNA531273,28,0.6547051358714704,251.01999999999998,38.0
PRJNA531921,71,0.3866428653590477,1377.47,55.0
PRJNA532310,44,0.04895639004570105,711.01,8.0
PRJNA532538,29,0.3570724928497984,3291.51,46.0
PRJNA532645,119,0.6534471628888138,225.48,21.0
PRJNA532888,262,0.373656790741641,3322.3500000000004,49.0
PRJNA533528,133,0.1900875473959413,517.31,37.0
PRJNA539933,146,0.6251704407486967,270.78499999999997,68.0
PRJNA541083,80,0.6549102740465088,240.41,33.0
PRJNA541981,40,0.006945423047504777,1310.0149999999999,53.5
PRJNA542703,27,0.023091991076422843,470.34,12.0
PRJNA543520,57,0.2356418724363675,334.85,16.0
PRJNA543967,110,-0.06511839728924927,1393.275,25.0
PRJNA544527,497,0.6501287716366025,363.18,30.0
PRJNA545312,115,-0.27984063968703377,2642.09,21.0
PRJNA545408,95,0.9252612963252881,23.79,7.0
PRJNA546227,301,0.4105108191040162,333.34,27.0
PRJNA547591,157,0.17569317845336938,692.51,57.0
PRJNA549787,91,0.11542231981637123,264.94,13.0
PRJNA554501,79,-0.0198945057869205,1986.02,51.0
PRJNA557323,503,0.49719975534016925,1913.89,45.0
PRJNA557731,114,0.35346890099017586,271.04499999999996,9.5
PRJNA561398,55,0.3147320644551452,607.85,9.0
PRJNA561510,28,0.7371304500782937,1548.68,71.5
PRJNA562766,85,0.534817396219456,799.98,59.0
PRJNA564397,98,0.5376079628248683,743.57,30.5
PRJNA565546,49,-0.21139958208248286,2044.95,42.0
PRJNA573963,33,0.25623022841411225,1612.82,57.0
PRJNA575186,24,0.14677722622791586,712.805,21.5
PRJNA576887,37,0.16468920566009101,554.71,46.0
PRJNA579147,60,0.3593678803941671,769.645,42.5
PRJNA588513,852,0.19748216277347505,4150.175,61.0
PRJNA588783,49,0.4465466406649345,138.77,11.0
PRJNA588805,77,0.31501430198705765,886.48,46.0
PRJNA589622,85,0.3831619023316407,628.16,53.0
PRJNA589866,306,0.35602018979767436,1849.5149999999999,55.5
PRJNA592261,28,0.5417587802689228,10.059999999999999,1.5
PRJNA594393,577,0.6252407231000042,40.7,16.0
PRJNA594610,701,0.6827245120610126,48.56,18.0
PRJNA594613,392,0.8390822151863326,33.405,15.0
PRJNA594620,411,0.8104845941951212,32.9,14.0
PRJNA595749,23,0.20687979566525494,1358.39,13.0
PRJNA595966,111,0.7381585462749287,239.43,39.0
PRJNA597839,70,0.5803719325695667,1822.31,41.0
PRJNA598446,43,0.37587861546747386,1074.67,48.0
PRJNA598452,93,0.48017020094729895,3780.7,94.0
PRJNA602732,20,0.584779188433895,2335.1499999999996,54.0
PRJNA604820,32,0.6087046618716189,732.9549999999999,36.5
PRJNA604850,121,0.44957935079178724,1984.52,62.0
PRJNA606198,138,0.2570742584348785,898.47,55.0
PRJNA608022,95,0.7508789273741169,18.63,4.0
PRJNA608678,89,0.1806686321844512,2974.0,60.0
PRJNA612291,30,0.25645597883186577,1104.9,71.0
PRJNA612367,45,0.33015857272805693,1667.71,57.0
PRJNA613834,70,0.34530993392138964,897.355,57.0
PRJNA613947,321,0.448317399306509,1769.33,53.0
PRJNA615114,39,0.7010686686567581,2057.19,48.0
PRJNA615162,282,0.4477373061485623,573.3299999999999,55.0
PRJNA615842,40,0.7828870239844892,621.8900000000001,65.0
PRJNA622386,53,0.8840495012291346,12.02,4.0
PRJNA624223,66,0.3124471639511532,815.7049999999999,30.5
PRJNA624763,88,0.5455042583604347,3177.2349999999997,54.0
PRJNA625520,100,0.15576456912518286,1293.525,55.5
PRJNA626004,49,0.7968662785912699,277.47,49.0
PRJNA626477,26,0.5504025856353284,1746.355,69.5
PRJNA627223,29,0.5272370186857801,299.47,51.0
PRJNA628604,29,0.39467535952896726,1326.8,50.0
PRJNA629755,138,0.7379329324339797,294.045,39.0
PRJNA630999,269,0.06520433693707312,2503.36,5.0
PRJNA633576,207,0.0405545042987889,1835.48,10.0
PRJNA634145,43,0.21772307947251648,1642.41,65.0
PRJNA634666,142,-0.013045000969809059,2766.13,53.0
PRJNA635116,44,0.44409978713606135,1852.475,112.0
PRJNA63661,432,0.3687649469827985,468.49,5.0
PRJNA637365,88,0.09663577281068647,396.68,21.5
PRJNA637785,397,0.3671903460745845,1665.37,52.0
PRJNA637878,98,0.8051152935115605,206.51,29.0
PRJNA638403,31,0.3635997955860986,2333.73,45.0
PRJNA638404,30,-0.13184863408953512,1970.69,40.5
PRJNA638405,30,0.5839271115242917,2119.95,47.0
PRJNA641593,112,0.8422585686271064,635.76,23.5
PRJNA641975,31,0.5573841479874142,2381.28,24.0
PRJNA642308,294,0.790757475144871,77.82,15.0
PRJNA642723,162,0.012911222287200446,2963.475,15.0
PRJNA643802,44,0.3514248483277878,556.76,42.0
PRJNA644666,86,0.22901262514250587,1108.67,57.0
PRJNA645402,32,0.5395489862252836,732.995,47.5
PRJNA646752,78,0.34812601152932093,189.01999999999998,23.0
PRJNA647523,82,0.230881501169575,2395.015,47.5
PRJNA648321,51,0.27300802050821155,2913.68,42.0
PRJNA648487,86,0.39515995998401854,1841.025,15.5
PRJNA649273,55,0.27680817681253905,1760.38,65.0
PRJNA649316,37,-0.05608917703429283,2730.97,42.0
PRJNA650244,241,0.2721235877026452,1473.6,45.0
PRJNA656577,32,0.5424014658431371,1031.25,47.0
PRJNA656820,133,0.7678801938171497,84.79,15.0
PRJNA657309,344,0.251895636394997,767.605,63.0
PRJNA657818,116,0.595295161493335,178.22,5.5
PRJNA658422,27,0.5129150504132579,1742.78,31.0
PRJNA660443,65,0.5794418337308762,264.01,30.0
PRJNA660883,26,0.613278899546523,349.845,35.0
PRJNA662107,272,0.33857582145167914,938.72,58.0
PRJNA664544,59,0.3423743004270989,1740.41,40.0
PRJNA664754,263,0.6015093124108682,227.0,38.0
PRJNA665245,70,0.6113012406328081,2327.4049999999997,79.0
PRJNA668357,124,0.12464028657887022,1707.105,54.0
PRJNA668607,31,0.44045580315256505,1670.44,32.0
PRJNA670323,72,0.2536930673992106,3480.17,37.0
PRJNA672125,86,0.2952141960565629,634.53,52.0
PRJNA672867,191,0.03072702203227595,451.39,36.0
PRJNA673918,65,0.34013016590523365,1968.35,36.0
PRJNA674522,20,0.06300093807074093,2500.3050000000003,34.5
PRJNA674716,93,0.3383828411002853,1579.6,35.0
PRJNA674880,159,0.6878899653242053,164.96,25.0
PRJNA675301,355,0.28894637353285096,397.09,31.0
PRJNA675598,306,0.4788911807119933,485.29,50.0
PRJNA678426,98,0.2729534072615368,8455.825,57.0
PRJNA678454,147,0.6398317895656703,598.34,60.0
PRJNA678737,39,-0.3627890805657732,1668.66,59.0
PRJNA678871,133,0.20979535484843148,3915.23,40.0
PRJNA679346,39,0.4825247674769202,5857.29,60.0
PRJNA681337,119,0.21405139109567103,1340.26,82.0
PRJNA682246,596,0.5357519419222823,258.96000000000004,35.0
PRJNA682730,83,0.3811776128042271,649.88,45.0
PRJNA684454,209,0.4563088098472748,478.66,45.0
PRJNA685168,104,0.14091467977141828,456.825,34.0
PRJNA685581,56,0.032552577371298845,3127.01,51.5
PRJNA685797,298,0.22347282369750124,1298.3049999999998,66.0
PRJNA686265,293,0.28134389497615414,1625.76,73.0
PRJNA686769,41,-0.1064760210194674,589.41,25.0
PRJNA686821,118,0.03845662778640277,6247.71,46.0
PRJNA686835,167,0.3790261392299852,1106.07,41.0
PRJNA687536,43,0.7864658400000422,138.32,16.0
PRJNA687957,30,0.49237303422410095,1138.1599999999999,51.0
PRJNA688164,21,-0.4276434276397903,19857.97,24.0
PRJNA688274,338,0.6735786271999306,256.11,50.5
PRJNA688881,117,0.2592595076829184,2970.62,39.0
PRJNA689476,55,0.9627584296039798,32.62,11.0
PRJNA689961,190,0.0036892750371015724,1618.85,51.0
PRJNA690543,81,0.2503444925824394,1991.99,68.0
PRJNA690735,48,-0.16953208767704592,3411.98,24.0
PRJNA691382,139,0.30832176049414967,2203.29,42.0
PRJNA692325,41,0.45858779416524265,2117.89,36.0
PRJNA692830,22,0.3503815895807461,2088.755,60.5
PRJNA693793,29,0.7018106328607434,15.59,3.0
PRJNA693850,416,0.29295478533856045,857.8299999999999,46.0
PRJNA694018,33,0.7243375568784933,1381.94,67.0
PRJNA695539,24,0.21268311265077627,762.815,13.0
PRJNA695570,1614,0.5225556442086016,267.755,40.0
PRJNA698223,641,0.36475803305422067,341.61,44.0
PRJNA698459,64,0.38294663785508626,1520.63,61.0
PRJNA698986,743,0.41967495551534184,2564.33,20.0
PRJNA699281,100,0.6590464984109845,483.275,49.0
PRJNA701480,103,0.531272516191132,1152.21,9.0
PRJNA701497,33,0.3063545835851093,963.04,59.0
PRJNA701961,100,0.3198926913110152,2581.0,54.0
PRJNA701982,62,0.12164166651199726,243.14,12.5
PRJNA702617,35,0.5626402229207724,888.95,52.0
PRJNA703034,23,0.37741571899635995,198.03,8.0
PRJNA703757,234,0.4012621968323088,1642.955,38.0
PRJNA705217,46,0.6272454659721237,283.545,44.0
PRJNA705695,177,0.5340245724929682,156.48,19.0
PRJNA705895,76,0.2455972784455449,1918.535,32.0
PRJNA706060,118,0.1871141869827595,1640.5349999999999,37.0
PRJNA706116,109,0.03793640053926212,2841.66,44.0
PRJNA706606,86,0.24529938789717629,3597.02,34.5
PRJNA707487,278,0.3091151656026129,438.62,18.0
PRJNA713865,21,0.3039383088843169,2086.86,50.0
PRJNA714678,81,0.558574561722407,319.61,46.0
PRJNA715586,82,0.7503878862070531,1151.615,44.5
PRJNA715601,590,0.14218551467849588,1413.38,28.0
PRJNA715908,77,0.22802050510168984,454.08,31.0
PRJNA716780,228,0.2693983616407429,1475.99,48.5
PRJNA720145,49,0.18063496810099364,1443.76,54.0
PRJNA721002,46,-0.1457710121194945,2365.385,38.0
PRJNA721545,106,0.28101730111871986,2422.9300000000003,49.5
PRJNA721692,39,0.367930635991786,943.94,49.0
PRJNA722129,85,0.4091973829527089,1933.58,49.0
PRJNA723467,96,0.8524554970421664,116.645,17.5
PRJNA725020,54,0.2981443101317453,2746.2200000000003,45.0
PRJNA725047,136,0.36991443190927875,513.92,41.0
PRJNA725223,21,0.04223522658976446,2244.05,45.0
PRJNA725597,75,0.29001249460507283,1278.08,48.0
PRJNA726032,34,-0.59480023845505,1099.98,7.0
PRJNA726052,120,-0.03760809533141621,3700.58,32.5
PRJNA727667,20,0.47307051874361744,5430.52,36.0
PRJNA728374,351,0.35521452730824116,334.65,46.0
PRJNA728680,90,0.5243345416422173,375.32,27.0
PRJNA728908,155,0.4373210601362231,1971.29,57.0
PRJNA730593,75,0.5769246256456103,244.38,24.0
PRJNA730640,34,-0.08543887337964251,1760.68,16.5
PRJNA730677,45,-0.001716288496782015,1374.12,20.0
PRJNA731589,159,0.3078804645261846,3018.08,49.0
PRJNA733692,41,-0.08877267100802821,1673.51,36.0
PRJNA734860,303,0.16473414045840348,843.56,54.0
PRJNA737472,197,0.3168125333419759,4110.56,55.0
PRJNA739008,395,0.3216188708775042,266.99,18.0
PRJNA739170,106,0.3640785558432853,1817.09,46.5
PRJNA739858,108,0.5418431949517645,318.89,47.0
PRJNA741822,112,0.4793372310278171,3208.66,56.0
PRJNA742740,31,0.5470331020601258,340.51,53.0
PRJNA743361,110,0.41230477463601517,1672.47,64.0
PRJNA743718,139,0.21862848848952968,787.06,61.0
PRJNA745170,102,0.010479501959337292,1067.495,37.0
PRJNA745329,197,0.7060578543177942,85.46,22.0
PRJNA746114,44,0.34635180156570766,3536.475,46.0
PRJNA746322,55,0.2838016046695925,1746.59,31.0
PRJNA746613,176,0.5745100498568895,495.91499999999996,19.0
PRJNA747761,216,0.176982302658739,501.52,28.0
PRJNA748262,95,0.21979064785444352,269.21,26.0
PRJNA748449,22,0.5698138181015231,96.49,22.5
PRJNA749645,65,0.23084491349247974,844.14,67.0
PRJNA749919,33,0.06650514063179032,879.02,58.0
PRJNA751448,181,0.4738154005674609,433.74,40.0
PRJNA752006,168,0.5189750486450533,505.605,56.0
PRJNA752686,38,-0.055100846414581024,2010.495,7.5
PRJNA755324,411,0.3051215854323805,1591.04,38.0
PRJNA755357,324,0.5227075337949267,311.70500000000004,40.0
PRJNA755720,31,0.4435251623065372,997.91,65.0
PRJNA756556,32,0.5170991649970731,374.83500000000004,52.0
PRJNA757365,32,0.20732053487008542,1021.0799999999999,52.5
PRJNA758208,89,0.38449783776638985,1410.02,34.0
PRJNA758252,1157,0.6101683641922503,307.78,38.0
PRJNA759642,51,0.8479211304441643,268.34,34.0
PRJNA759733,25,0.2301328072480989,894.1,61.0
PRJNA761454,30,0.559101684911201,7.67,2.0
PRJNA762199,64,0.16997985750943598,2947.635,70.5
PRJNA762360,88,0.4415910992167927,2232.795,55.0
PRJNA762428,37,0.2369685446912923,2190.56,45.0
PRJNA762484,106,0.033755639168526634,2279.5299999999997,45.5
PRJNA763023,188,0.49502061381548046,2563.4750000000004,39.5
PRJNA763503,38,0.12015339901332515,578.9949999999999,47.5
PRJNA763692,135,0.30552451626578914,30348.7,48.0
PRJNA763908,60,0.2576546201455738,1677.8000000000002,14.0
PRJNA764525,33,0.7387700828948648,186.89,17.0
PRJNA765331,34,0.5476646812645287,2511.435,38.0
PRJNA765566,56,0.5150236668265662,3602.19,56.0
PRJNA766048,120,0.5349160504206681,228.20999999999998,44.0
PRJNA766067,64,0.4776311080807572,204.66,24.5
PRJNA767599,20,0.16930027366036052,351.47,57.5
PRJNA767648,43,0.27699515175187994,5649.31,56.0
PRJNA768298,49,0.383466636986439,2894.96,49.0
PRJNA768409,51,0.4082760472135477,5582.56,58.0
PRJNA769489,27,0.39890050203964206,2134.26,57.0
PRJNA769748,61,0.18630999872128176,1892.36,73.0
PRJNA769968,201,0.31020373583345073,3143.63,66.0
PRJNA770101,66,0.17174874350908378,3147.92,58.0
PRJNA770295,278,0.5513042965637618,592.13,50.0
PRJNA772730,22,0.12049134885933963,2058.34,8.0
PRJNA773237,36,0.05061499112581769,1505.975,53.0
PRJNA773596,75,0.310645647848993,1990.51,49.0
PRJNA774819,24,-0.022082643031500458,490.17,7.0
PRJNA776332,57,0.06626905248407781,619.67,4.0
PRJNA776530,103,0.29197640436986455,518.12,49.0
PRJNA777429,46,0.65716411466754,178.25,25.0
PRJNA778267,171,0.13202970664048932,2213.24,44.0
PRJNA778397,72,0.12174771962381543,2957.6949999999997,14.0
PRJNA781055,108,0.011080531862981453,2959.055,45.5
PRJNA782492,117,0.1439843252977455,2136.98,80.0
PRJNA782533,71,0.16788004414815055,1741.97,55.0
PRJNA784939,881,0.3131678489043602,895.04,63.0
PRJNA786259,103,0.05791161980262917,3633.69,52.0
PRJNA786578,271,0.5077201690619821,237.77,21.0
PRJNA786875,60,0.9119682922359116,11.41,4.0
PRJNA787665,175,0.04863279356326544,1144.32,53.0
PRJNA787952,126,0.250224798042228,1199.385,15.5
PRJNA788178,22,,264.365,1.0
PRJNA788383,67,-0.1591699751129446,2969.74,35.0
PRJNA788670,38,0.23097150470377584,1156.76,36.0
PRJNA791751,70,0.21489644243548336,2301.7650000000003,76.0
PRJNA792685,28,0.7476716818446425,528.415,29.0
PRJNA793776,119,0.660797117272068,2271.86,37.0
PRJNA795985,269,0.2764118636455512,2970.52,69.0
PRJNA797994,598,0.06646579783101557,926.8299999999999,58.0
PRJNA798058,148,0.16998776036769161,897.9649999999999,61.0
PRJNA798191,44,-0.4410374003522924,1202.99,14.0
PRJNA799247,1890,0.037622814426922564,210.26,4.0
PRJNA800058,39,0.22656610976382088,2607.45,54.0
PRJNA800433,117,-0.014931838826316051,2796.51,27.0
PRJNA800792,118,0.6218314879280936,56.805,14.0
PRJNA801051,222,0.20903711653463497,2113.75,38.0
PRJNA801067,132,0.3035452313710572,2750.2250000000004,36.0
PRJNA804384,362,0.7637612541612682,94.065,11.0
PRJNA806510,44,-0.0646071609602185,3172.2200000000003,42.0
PRJNA806984,1233,-0.3267077976521645,1073.23,18.0
PRJNA807448,412,-0.17314933183721792,1752.615,9.0
PRJNA808649,53,0.4617310212877535,1736.58,44.0
PRJNA808806,44,0.30208784977359815,1769.63,39.5
PRJNA809514,33,0.4622336484440018,2312.05,35.0
PRJNA810575,21,-0.08647601589896227,18959.38,16.0
PRJNA810891,155,0.22485241771371156,983.6,14.0
PRJNA811494,80,0.17732774075547109,2390.91,60.5
PRJNA811727,87,0.4221213809529986,1877.19,41.0
PRJNA811803,79,0.1298008811753035,1392.18,69.0
PRJNA813705,56,0.6646833711392189,5575.575,86.0
PRJNA813736,81,0.24586639325996007,469.62,51.0
PRJNA814303,333,0.5492450063970757,103.31,21.0
PRJNA818062,38,0.38633388485381737,3760.74,62.5
PRJNA819232,43,0.6226703229968412,65.0,14.0
PRJNA819247,20,0.5925890536865054,998.03,10.0
PRJNA820119,181,0.36262273971917697,2453.01,59.0
PRJNA820539,22,0.3271186962748129,1260.145,59.5
PRJNA820547,129,0.4722087665870467,2266.38,43.0
PRJNA821237,136,0.33603171081602773,1983.645,40.0
PRJNA821541,28,0.6596359695307533,1809.92,67.0
PRJNA821542,847,0.302529412258742,474.58,21.0
PRJNA821920,26,-0.23985198389692236,32.655,4.0
PRJNA822660,252,0.394482114171343,1244.865,27.0
PRJNA824068,62,0.41968235026714384,280.235,39.0
PRJNA824338,50,0.6084847587528203,2589.7250000000004,27.0
PRJNA824824,297,0.6957357632677377,644.53,40.0
PRJNA825167,25,-0.39707582777611383,1848.73,53.0
PRJNA828396,187,0.7884897472514873,92.66,21.0
PRJNA832701,34,0.7707603795203708,198.97000000000003,36.0
PRJNA832737,24,-0.10611002642665937,2900.235,52.5
PRJNA833034,52,0.29480613506003117,1776.7,41.5
PRJNA833139,38,0.27582446168311314,387.65999999999997,23.5
PRJNA833152,37,-0.205578810239038,2118.48,56.0
PRJNA834762,26,0.152949974043297,81.05000000000001,10.0
PRJNA834801,649,0.3778110582730544,1649.81,59.0
PRJNA834885,164,0.025548429453671723,1993.7150000000001,48.0
PRJNA835516,56,0.07026549474062016,3373.84,54.5
PRJNA835720,144,0.14224803008351183,927.33,24.0
PRJNA838575,2665,-0.20384988898056214,333.96,14.0
PRJNA838648,26,0.37919253387139923,601.03,59.5
PRJNA838841,29,0.6764493428441541,2158.31,68.0
PRJNA842425,64,0.2618990446559064,358.375,38.5
PRJNA844888,183,0.1877542204696517,1825.17,49.0
PRJNA845014,54,0.33975580011091566,1375.345,38.0
PRJNA845806,131,-0.4112485174158998,2297.6800000000003,37.0
PRJNA845905,46,0.28674569397747024,457.49,41.0
PRJNA848838,208,0.4737924639999938,231.45999999999998,8.0
PRJNA849795,31,0.0006054493496206035,421.46,51.0
PRJNA850128,26,-0.10402056842709087,2246.42,31.0
PRJNA850529,815,0.7372264699979526,393.0,63.0
PRJNA851177,37,0.2467364661925116,1710.71,61.0
PRJNA851554,88,-0.03627874606632923,4081.99,25.5
PRJNA853174,20,-0.03717908275369881,2804.54,8.5
PRJNA854889,279,0.4540403020358477,369.4,34.0
PRJNA855128,21,-0.04229025622429614,2964.43,39.0
PRJNA858062,31,0.7450550478612268,3468.97,50.0
PRJNA860656,126,0.028007474785363248,1971.395,43.5
PRJNA861285,55,0.31138788176985494,825.73,45.0
PRJNA861716,334,0.22579937029704378,2484.635,62.0
PRJNA862077,95,0.3251989097420301,3197.32,68.0
PRJNA862188,91,-0.01064257820945383,1499.05,56.0
PRJNA862629,183,-0.0004808601233490548,2581.46,56.0
PRJNA862908,144,0.6835993755922231,283.385,30.0
PRJNA865291,70,0.3123512581626274,2834.35,32.5
PRJNA870588,95,0.24972773572805873,1576.89,4.0
PRJNA871036,232,0.03758660563562621,2514.645,49.0
PRJNA872328,129,0.007573715612782783,1500.66,36.0
PRJNA872399,288,0.16827237412367319,129.44,4.0
PRJNA873083,105,0.5957010235032627,387.15,39.0
PRJNA876774,53,0.7039584209073999,1241.34,58.0
PRJNA877821,195,0.36457019983928224,625.55,17.0
PRJNA878528,344,-0.10512656922444552,1971.445,16.0
PRJNA878603,196,0.37472336528580324,545.13,44.0
PRJNA881732,58,0.3236923201037058,2574.465,46.5
PRJNA884103,379,0.16962767791217698,201.05,4.0
PRJNA885137,44,0.11478532033296814,4243.125,71.0
PRJNA885289,158,0.3741377586810273,1125.12,37.0
PRJNA885489,516,-0.06094750326190916,1419.3400000000001,16.0
PRJNA886719,35,0.5951633153675636,557.76,56.0
PRJNA888860,210,0.4293944138879612,2722.605,41.0
PRJNA889771,39,0.37460965809672675,1127.97,6.0
PRJNA890008,114,0.30693276683800547,695.7750000000001,70.0
PRJNA890567,57,0.534269560231662,2777.26,36.0
PRJNA890666,844,0.36169830223911187,573.4749999999999,15.0
PRJNA891765,130,0.3414349283211788,1124.8449999999998,19.0
PRJNA891875,119,0.2936409804932026,607.42,25.0
PRJNA892050,38,0.48825885830677834,1776.77,71.5
PRJNA892265,74,0.25045563095357265,3344.9849999999997,64.0
PRJNA892575,52,0.582596800098244,138.91,27.0
PRJNA893406,201,0.32712450313316294,1620.18,45.0
PRJNA894204,56,0.4726800787764807,1708.28,57.0
PRJNA895372,27,-0.5383921795851292,1162.39,23.0
PRJNA895487,182,0.46341119811654585,278.53499999999997,46.0
PRJNA896226,21,0.09034778424776166,378.44,48.0
PRJNA896336,45,0.5309654536295737,1388.36,64.0
PRJNA896917,39,0.252532497830427,1846.7,73.0
PRJNA898628,52,0.7583188947098063,2333.7749999999996,27.0
PRJNA902368,45,0.8386616530012758,265.39,38.0
PRJNA903921,890,0.05987121118227122,508.515,15.0
PRJNA904419,69,0.4188708197713845,3323.25,64.0
PRJNA904651,388,0.3564022298929415,2255.58,56.0
PRJNA904790,31,0.31722341804985443,339.81,51.0
PRJNA904924,123,0.4356809295636122,3182.25,65.0
PRJNA905444,84,0.3643298720176662,1820.06,47.0
PRJNA905467,36,0.6215891146129294,7.4,2.0
PRJNA905698,75,0.5615085208923392,122.25,10.0
PRJNA906107,70,0.043385356660611225,448.45500000000004,6.5
PRJNA906201,96,0.26387520133697606,2990.285,45.0
PRJNA909023,28,0.7450016209925309,1906.8600000000001,47.5
PRJNA909041,32,0.6693623902846294,1288.38,86.5
PRJNA909223,75,0.32793347961313285,2008.69,68.0
PRJNA909793,26,0.545423638397312,2572.315,74.5
PRJNA909977,80,0.39209873999786676,973.61,74.0
PRJNA910239,84,0.4191826869943683,3525.14,46.5
PRJNA910923,24,-0.10060990877937256,3240.2749999999996,39.0
PRJNA911205,162,-0.006761807419413848,1874.5,36.0
PRJNA912151,49,0.16064370205719175,175.58,34.0
PRJNA912638,33,0.02491639353394175,527.07,58.0
PRJNA913183,51,0.01716330612784378,417.6,41.0
PRJNA914091,27,0.4760160875245093,809.95,43.0
PRJNA914532,75,0.37162304774831595,499.83,20.0
PRJNA914785,54,0.3319404106912386,1183.005,30.0
PRJNA915251,624,0.4792593852054292,1181.6950000000002,42.0
PRJNA916259,203,0.4439834100178484,2687.7,66.0
PRJNA916952,336,0.6217417203564152,34.125,3.0
PRJNA917645,25,0.16029499644872014,33.29,10.0
PRJNA917819,254,0.3368649154334311,1952.475,43.0
PRJNA918651,95,0.6500591469607512,218.17,46.0
PRJNA919082,55,0.26628159260205997,6785.85,49.0
PRJNA922068,24,0.30169812409670227,93.07499999999999,23.0
PRJNA922086,304,0.5371443719098695,1769.59,43.0
PRJNA925700,130,0.08251555809214706,2020.915,79.5
PRJNA926022,345,-0.2190021667065543,4294.17,35.0
PRJNA927010,45,0.141300060196715,426.16,9.0
PRJNA928211,101,0.4729861858930398,300.05,40.0
PRJNA928311,51,0.6847367346199432,90.44,14.0
PRJNA928744,65,0.20483948133828409,1599.94,69.0
PRJNA928758,123,0.17914895749088072,554.12,13.0
PRJNA929558,37,0.7335470811422153,61.06,15.0
PRJNA929986,160,0.6378892528955403,184.49,34.0
PRJNA930767,55,0.5331289408062242,376.98,36.0
PRJNA931814,60,0.452168873852905,947.685,70.5
PRJNA932130,36,0.7818137316526823,1493.79,16.0
PRJNA934363,32,0.7824676006864856,7.66,2.0
PRJNA936589,42,0.5519170266591427,957.705,52.0
PRJNA937304,33,0.9231431898305276,131.24,44.0
PRJNA938144,61,-0.1450200608542277,3297.52,20.0
PRJNA938297,88,0.2676993818577391,3642.33,42.5
PRJNA939026,23,0.10747927955670618,7775.31,45.0
PRJNA940405,53,0.22829599721125002,496.62,51.0
PRJNA940472,35,0.34749139637057264,6094.96,61.0
PRJNA940499,70,0.17904566943261804,8115.98,66.0
PRJNA941151,32,-0.3227581636440438,1521.355,52.0
PRJNA941376,55,0.5122115520343099,3067.32,50.0
PRJNA941834,126,0.9214947095825664,35.92,12.0
PRJNA942468,469,0.38660051904070813,2275.76,45.0
PRJNA943135,223,0.3719029103548632,874.07,32.0
PRJNA943202,65,0.050264136984895895,708.52,44.0
PRJNA943232,75,0.2817058717337714,1804.23,43.0
PRJNA943687,1886,0.13518193257859912,1818.79,46.0
PRJNA945408,373,0.6349454849482186,243.19,36.0
PRJNA946655,107,0.37643252080687023,3254.79,42.0
PRJNA947193,36,-0.02009015226540625,809.275,42.5
PRJNA947377,113,0.353395071315969,1902.04,56.0
PRJNA947616,474,0.06428931965331317,517.7950000000001,7.0
PRJNA948536,101,-0.05356706735444387,957.02,36.0
PRJNA948840,287,0.2020864855594419,2727.45,52.0
PRJNA949528,131,0.1091238504202504,1765.55,13.0
PRJNA950577,81,0.30185677510196635,2626.25,35.0
PRJNA954397,30,0.21467553369155737,1637.855,61.5
PRJNA954584,123,-0.3516507290927526,1364.98,24.0
PRJNA955235,179,-0.2968416873653832,1648.17,20.0
PRJNA957107,329,0.22624329642122026,2328.15,60.0
PRJNA961076,84,0.23919731209657916,2520.6400000000003,67.0
PRJNA961175,60,0.20606063791315515,1618.74,34.0
PRJNA961698,646,0.12726145943290249,1168.38,20.0
PRJNA962059,70,0.33145470050501274,998.4549999999999,60.5
PRJNA964705,699,0.7092258122695302,806.87,97.0
PRJNA970820,20,0.13967655343888707,714.655,32.0
PRJNA971748,39,0.35512798295231496,1790.3,56.0
PRJNA971895,195,-0.14782315429629084,396.62,11.0
PRJNA972625,145,0.7056443920571785,423.75,69.0
PRJNA972747,67,0.1605265782125593,1232.94,12.0
PRJNA973824,39,0.5634663755960112,1826.72,70.0
PRJNA974858,948,0.39149105499947057,1266.075,57.0
PRJNA975184,45,0.39302017935438754,1057.53,67.0
PRJNA975983,32,-0.13017969338784918,2437.195,63.5
PRJNA976404,222,0.22504654866660403,1005.45,29.0
PRJNA976726,314,0.20179703237686397,1486.8899999999999,12.0
PRJNA978345,83,0.23615153913748183,376.41,12.0
PRJNA978931,84,0.3020081891272822,5678.305,68.5
PRJNA981159,30,-0.11287991849780625,907.365,57.5
PRJNA981497,38,0.4452601129106754,3125.26,47.5
PRJNA983093,178,-0.015723433370314465,3412.21,25.0
PRJNA983517,217,0.4702837423328097,2823.36,49.0
PRJNA983760,108,0.3987218228917979,2773.44,52.0
PRJNA983946,36,-0.08786399925695794,3238.65,31.0
PRJNA985875,21,0.24902491796468082,1308.11,52.0
PRJNA986283,55,0.5170360870868811,1209.23,52.0
PRJNA986854,61,0.09620959086075763,4006.49,23.0
PRJNA987980,943,0.4821636130203445,920.01,64.0
PRJNA988170,33,0.40899597339321336,1418.6,49.0
PRJNA988496,216,-0.21511321808473918,856.58,17.0
PRJNA988962,164,0.32902321919505534,2110.37,42.0
PRJNA991155,21,0.5125210027382399,739.47,46.0
PRJNA991269,114,-0.08763773791779368,526.5450000000001,53.0
PRJNA991649,55,0.3990109598916939,1071.64,51.0
PRJNA993161,284,0.3286745433795064,377.145,25.0
PRJNA993675,817,0.3880924731649632,604.99,41.0
PRJNA994318,186,0.415709635664213,1509.8049999999998,49.5
PRJNA994693,20,0.5011288100346671,1725.555,45.0
PRJNA995034,60,0.8460802830813738,56.370000000000005,19.0
PRJNA995807,398,0.21406091411883324,1637.6399999999999,53.0
PRJNA995911,34,0.0969746878405933,1906.815,58.5
PRJNA996050,21,0.5795972633549216,767.52,62.0
PRJNA997572,35,-0.051598462074184344,2146.49,45.0
PRJNA999028,58,0.3852418568152585,3077.92,42.0
PRJNA999593,253,0.34497753696482353,557.27,41.0
PRJNA999635,1719,0.43397337056557717,3702.66,61.0
PRJNA999651,43,0.30560508170505973,2536.67,33.0
