facet,group,n_samples,n_studies,prevalence,mean_relabund
life stage,neonate,8687,98,0.03741222516403822,0.0010309352073818445
life stage,infant,30765,212,0.17523159434422234,0.008602309040725231
life stage,child,15151,165,0.4075638571711438,0.02006549946963787
life stage,adolescent,3065,93,0.30538336052202286,0.007748181466013193
life stage,adult,125958,871,0.4165118531574017,0.00971242319792509
life stage,elderly,19134,258,0.5397721333751437,0.014583404175937176
HDI band,low,5406,54,0.13559008509064002,0.0029646477196365595
HDI band,middle,20534,232,0.26283237557222167,0.006534147076308727
HDI band,high,130988,712,0.47255473783858065,0.012447932735085487
