row_0,prevalence_all,neonate,infant,child,adolescent,adult,elderly,unknown,n_all
s__Blautia_A wexlerae,0.5975993336926168,0.05410383331414758,0.3241670729725337,0.5922381360966272,0.633278955954323,0.7014004668222741,0.6792097836312324,0.5827958029108844,182964
s__Bacteroides uniformis,0.5970473437525518,0.1036030850696443,0.20994636762554852,0.5519767672100852,0.6355628058727569,0.7259800886009622,0.7399393749346712,0.5756394758473962,182795
s__Phocaeicola vulgatus,0.570679208923293,0.1385979049153908,0.260035754916301,0.6002904098739357,0.6610114192495922,0.6702948601914924,0.6634263614508206,0.5538803732894928,174722
s__Fusicatenibacter saccharivorans,0.5449349207126876,0.04558535743064349,0.16239232894522998,0.49402679691109497,0.6619902120717781,0.6810444751425078,0.6370858158252326,0.521841303612011,166840
s__Parabacteroides distasonis,0.4954713961426028,0.12144583860941636,0.20835364862668618,0.5339581545772556,0.5402936378466557,0.5806141729782943,0.5682031984948259,0.4881775542768725,151696
s__Roseburia rectalis,0.48550944752012803,0.040520317716127546,0.134340971883634,0.454029437000858,0.6414355628058728,0.606702234078026,0.5682031984948259,0.4644359557081379,148646
s__Anaerostipes hadrus,0.4844871229565757,0.04397375388511569,0.2170323419470177,0.45600950432314696,0.48515497553017944,0.5919592245034059,0.48202153235078915,0.474764276388956,148333
s__Faecalibacterium duncaniae,0.45016902650531576,0.044434212040980775,0.07128230131643101,0.37469473962114713,0.6231647634584013,0.5776131726448499,0.5324030521584614,0.4324549103041439,137826
s__Alistipes putredinis,0.44568451651887053,0.0394842868654311,0.07973346335121079,0.33436736849052867,0.5442088091353997,0.5739214658854539,0.6134629455419672,0.41482520187611815,136453
s__Gemmiger qucibialis,0.4434504270573057,0.04408886842408196,0.06348122866894199,0.37159263414956106,0.5957585644371941,0.5726750186570126,0.5717048186474338,0.41492190899859777,135769
s__Gemmiger formicilis,0.4173435892410955,0.03557039254057787,0.10102389078498293,0.3928453567421292,0.5474714518760195,0.5272789342479239,0.47507055503292567,0.3986654417097819,127776
s__Bifidobacterium longum,0.40617314193327125,0.24197076090710257,0.5061270924752154,0.47284007656260313,0.44404567699836867,0.4004509439654488,0.34916901850109755,0.39685701851941396,124356
