sample_key,study_accession,subject_id,timepoint_label,age_category,age_at_collection_days,sex,country,health_condition,health_condition_detail,intervention,intervention_detail,antibiotic_exposure,collection_date,body_site_class,n_runs,seq_gbp
SAMN41143925,PRJNA1106565,s100,12M,infant,362.0,,US,healthy_control,,,,no,,primary,1.0,2.177
SAMN41143468,PRJNA1106565,s100,24M,infant,729.0,,US,healthy_control,,,,no,,primary,1.0,2.389
SAMN41143924,PRJNA1106565,s100,4M,infant,117.0,,US,healthy_control,,,,no,,primary,1.0,2.607
SAMN41143743,PRJNA1106565,s101,12M,infant,366.0,,US,healthy_control,,,,no,,primary,1.0,2.53
SAMN41143822,PRJNA1106565,s101,24M,infant,730.0,,US,healthy_control,,,,yes,,primary,1.0,1.95
SAMN41143937,PRJNA1106565,s101,4M,infant,123.0,,US,healthy_control,,,,no,,primary,1.0,1.513
SAMN41143469,PRJNA1106565,s103,24M,infant,728.0,,US,healthy_control,,,,no,,primary,1.0,1.947
SAMN41143858,PRJNA1106565,s103,4M,infant,128.0,,US,healthy_control,,,,no,,primary,1.0,2.214
SAMN41143836,PRJNA1106565,s104,24M,infant,731.0,,US,healthy_control,,,,yes,,primary,1.0,2.273
SAMN41143938,PRJNA1106565,s104,4M,infant,122.0,,US,healthy_control,,,,no,,primary,1.0,2.072
SAMN41143744,PRJNA1106565,s105,12M,infant,362.0,,US,healthy_control,,,,no,,primary,1.0,2.362
SAMN41143847,PRJNA1106565,s105,24M,infant,730.0,,US,healthy_control,,,,no,,primary,1.0,2.047
SAMN41143939,PRJNA1106565,s105,4M,infant,127.0,,US,healthy_control,,,,no,,primary,1.0,1.238
SAMN41143745,PRJNA1106565,s107,12M,infant,366.0,,US,healthy_control,,,,yes,,primary,1.0,1.785
SAMN41143931,PRJNA1106565,s107,24M,infant,733.0,,US,healthy_control,,,,yes,,primary,1.0,2.366
SAMN41143940,PRJNA1106565,s107,4M,infant,123.0,,US,healthy_control,,,,no,,primary,1.0,2.136
SAMN41144010,PRJNA1106565,s107,SS2_B,infant,321.0,,US,healthy_control,,,,,,primary,1.0,2.913
SAMN41144011,PRJNA1106565,s107,SS2_WK1,infant,324.0,,US,healthy_control,,,,,,primary,1.0,2.063
SAMN41144012,PRJNA1106565,s107,SS2_WK2,infant,330.0,,US,healthy_control,,,,,,primary,1.0,2.499
SAMN41144013,PRJNA1106565,s107,SS2_WK3,infant,334.0,,US,healthy_control,,,,,,primary,1.0,2.629
SAMN41143470,PRJNA1106565,s108,24M,infant,730.0,,US,healthy_control,,,,yes,,primary,1.0,2.285
SAMN41143897,PRJNA1106565,s108,4M,infant,121.0,,US,healthy_control,,,,no,,primary,1.0,2.042
SAMN41143941,PRJNA1106565,s111,4M,infant,124.0,,US,healthy_control,,,,no,,primary,1.0,1.161
SAMN41143864,PRJNA1106565,s115,12M,infant,367.0,,US,healthy_control,,,,no,,primary,1.0,2.277
SAMN41143471,PRJNA1106565,s115,24M,infant,730.0,,US,healthy_control,,,,yes,,primary,1.0,2.215
SAMN41143863,PRJNA1106565,s115,4M,infant,122.0,,US,healthy_control,,,,no,,primary,1.0,2.82
SAMN41143933,PRJNA1106565,s116,12M,infant,367.0,,US,healthy_control,,,,yes,,primary,1.0,2.239
SAMN41143472,PRJNA1106565,s116,24M,infant,728.0,,US,healthy_control,,,,yes,,primary,1.0,2.244
SAMN41143932,PRJNA1106565,s116,4M,infant,122.0,,US,healthy_control,,,,no,,primary,1.0,1.9
SAMN41144014,PRJNA1106565,s116,SS2_B,infant,260.0,,US,healthy_control,,,,,,primary,1.0,2.395
SAMN41144015,PRJNA1106565,s116,SS2_WK1,infant,266.0,,US,healthy_control,,,,,,primary,1.0,2.708
SAMN41144016,PRJNA1106565,s116,SS2_WK2,infant,273.0,,US,healthy_control,,,,,,primary,1.0,2.781
SAMN41144017,PRJNA1106565,s116,SS2_WK3,infant,280.0,,US,healthy_control,,,,,,primary,1.0,2.548
SAMN41143876,PRJNA1106565,s117,24M,infant,727.0,,US,healthy_control,,,,yes,,primary,1.0,0.051
SAMN41143942,PRJNA1106565,s117,4M,infant,129.0,,US,healthy_control,,,,no,,primary,1.0,1.523
SAMN41143853,PRJNA1106565,s119,12M,infant,365.0,,US,healthy_control,,,,no,,primary,1.0,2.099
SAMN41143473,PRJNA1106565,s119,24M,infant,731.0,,US,healthy_control,,,,no,,primary,1.0,1.983
SAMN41143852,PRJNA1106565,s119,4M,infant,126.0,,US,healthy_control,,,,no,,primary,1.0,2.764
SAMN41143797,PRJNA1106565,s122,12M,infant,377.0,,US,healthy_control,,,,no,,primary,1.0,2.751
SAMN41143474,PRJNA1106565,s122,24M,infant,727.0,,US,healthy_control,,,,no,,primary,1.0,1.991
SAMN41143796,PRJNA1106565,s122,4M,infant,125.0,,US,healthy_control,,,,no,,primary,1.0,2.338
SAMN41143475,PRJNA1106565,s123,24M,infant,738.0,,US,healthy_control,,,,yes,,primary,1.0,1.317
SAMN41143916,PRJNA1106565,s123,4M,infant,123.0,,US,healthy_control,,,,no,,primary,1.0,1.847
SAMN41144018,PRJNA1106565,s123,SS2_B,infant,216.0,,US,healthy_control,,,,,,primary,1.0,2.239
SAMN41144019,PRJNA1106565,s123,SS2_WK1,infant,231.0,,US,healthy_control,,,,,,primary,1.0,2.328
SAMN41144020,PRJNA1106565,s123,SS2_WK2,infant,237.0,,US,healthy_control,,,,,,primary,1.0,1.933
SAMN41144021,PRJNA1106565,s123,SS2_WK3,infant,246.0,,US,healthy_control,,,,,,primary,1.0,2.397
SAMN41143746,PRJNA1106565,s124,12M,infant,366.0,,US,healthy_control,,,,yes,,primary,1.0,2.263
SAMN41143900,PRJNA1106565,s124,24M,infant,727.0,,US,healthy_control,,,,yes,,primary,1.0,1.848
SAMN41143943,PRJNA1106565,s124,4M,infant,120.0,,US,healthy_control,,,,yes,,primary,1.0,3.419
SAMN41143747,PRJNA1106565,s125,12M,infant,365.0,,US,healthy_control,,,,no,,primary,1.0,2.118
SAMN41143476,PRJNA1106565,s125,24M,infant,732.0,,US,healthy_control,,,,yes,,primary,1.0,2.213
SAMN41143944,PRJNA1106565,s125,4M,infant,134.0,,US,healthy_control,,,,no,,primary,1.0,2.627
SAMN41144022,PRJNA1106565,s125,SS2_B,infant,473.0,,US,healthy_control,,,,,,primary,1.0,2.465
SAMN41144023,PRJNA1106565,s125,SS2_WK1,infant,480.0,,US,healthy_control,,,,,,primary,1.0,3.111
SAMN41144024,PRJNA1106565,s125,SS2_WK2,infant,483.0,,US,healthy_control,,,,,,primary,1.0,2.424
SAMN41144025,PRJNA1106565,s125,SS2_WK3,infant,494.0,,US,healthy_control,,,,,,primary,1.0,3.093
SAMN41143477,PRJNA1106565,s126,24M,infant,752.0,,US,healthy_control,,,,no,,primary,1.0,2.004
SAMN41143927,PRJNA1106565,s126,4M,infant,130.0,,US,healthy_control,,,,no,,primary,1.0,2.107
SAMN41143478,PRJNA1106565,s128,24M,infant,749.0,,US,healthy_control,,,,yes,,primary,1.0,1.972
SAMN41143945,PRJNA1106565,s128,4M,infant,123.0,,US,healthy_control,,,,yes,,primary,1.0,1.158
SAMN41144026,PRJNA1106565,s128,SS2_B,infant,271.0,,US,healthy_control,,,,,,primary,1.0,2.518
SAMN41144027,PRJNA1106565,s128,SS2_WK1,infant,276.0,,US,healthy_control,,,,,,primary,1.0,2.211
SAMN41144028,PRJNA1106565,s128,SS2_WK2,infant,284.0,,US,healthy_control,,,,,,primary,1.0,2.505
SAMN41144029,PRJNA1106565,s128,SS2_WK3,infant,293.0,,US,healthy_control,,,,,,primary,1.0,2.409
SAMN41143479,PRJNA1106565,s129,24M,infant,766.0,,US,healthy_control,,,,yes,,primary,1.0,2.199
SAMN41143868,PRJNA1106565,s129,4M,infant,125.0,,US,healthy_control,,,,no,,primary,1.0,2.0
SAMN41144030,PRJNA1106565,s129,SS2_B,infant,411.0,,US,healthy_control,,,,,,primary,1.0,2.262
SAMN41144031,PRJNA1106565,s129,SS2_WK1,infant,422.0,,US,healthy_control,,,,,,primary,1.0,1.908
SAMN41144032,PRJNA1106565,s129,SS2_WK2,infant,426.0,,US,healthy_control,,,,,,primary,1.0,2.214
SAMN41144033,PRJNA1106565,s129,SS2_WK3,infant,433.0,,US,healthy_control,,,,,,primary,1.0,1.742
SAMN41143748,PRJNA1106565,s130,12M,infant,368.0,,US,healthy_control,,,,no,,primary,1.0,2.117
SAMN41143480,PRJNA1106565,s130,24M,infant,730.0,,US,healthy_control,,,,no,,primary,1.0,1.328
SAMN41143946,PRJNA1106565,s130,4M,infant,121.0,,US,healthy_control,,,,no,,primary,1.0,0.601
SAMN41143749,PRJNA1106565,s133,12M,infant,364.0,,US,healthy_control,,,,no,,primary,1.0,2.168
SAMN41143481,PRJNA1106565,s133,24M,infant,733.0,,US,healthy_control,,,,yes,,primary,1.0,1.961
SAMN41143947,PRJNA1106565,s133,4M,infant,139.0,,US,healthy_control,,,,no,,primary,1.0,0.397
SAMN41143935,PRJNA1106565,s134,12M,infant,371.0,,US,healthy_control,,,,yes,,primary,1.0,2.933
SAMN41143482,PRJNA1106565,s134,24M,infant,753.0,,US,healthy_control,,,,yes,,primary,1.0,2.119
SAMN41143934,PRJNA1106565,s134,4M,infant,130.0,,US,healthy_control,,,,no,,primary,1.0,2.313
SAMN41144034,PRJNA1106565,s134,SS2_B,infant,207.0,,US,healthy_control,,,,,,primary,1.0,2.687
SAMN41144035,PRJNA1106565,s134,SS2_WK1,infant,215.0,,US,healthy_control,,,,,,primary,1.0,2.16
SAMN41144036,PRJNA1106565,s134,SS2_WK2,infant,217.0,,US,healthy_control,,,,,,primary,1.0,2.0
SAMN41144037,PRJNA1106565,s134,SS2_WK3,infant,225.0,,US,healthy_control,,,,,,primary,1.0,2.999
SAMN41143483,PRJNA1106565,s135,24M,infant,732.0,,US,healthy_control,,,,no,,primary,1.0,1.651
SAMN41143923,PRJNA1106565,s135,4M,infant,130.0,,US,healthy_control,,,,no,,primary,1.0,2.49
SAMN41143484,PRJNA1106565,s136,24M,infant,728.0,,US,healthy_control,,,,yes,,primary,1.0,1.346
SAMN41143930,PRJNA1106565,s136,4M,infant,125.0,,US,healthy_control,,,,yes,,primary,1.0,2.234
SAMN41144038,PRJNA1106565,s136,SS2_B,infant,345.0,,US,healthy_control,,,,,,primary,1.0,2.145
SAMN41144039,PRJNA1106565,s136,SS2_WK1,infant,354.0,,US,healthy_control,,,,,,primary,1.0,2.309
SAMN41144040,PRJNA1106565,s136,SS2_WK2,infant,364.0,,US,healthy_control,,,,,,primary,1.0,3.467
SAMN41144041,PRJNA1106565,s136,SS2_WK3,infant,370.0,,US,healthy_control,,,,,,primary,1.0,2.106
SAMN41143929,PRJNA1106565,s139,12M,infant,369.0,,US,healthy_control,,,,no,,primary,1.0,3.045
SAMN41143485,PRJNA1106565,s139,24M,infant,747.0,,US,healthy_control,,,,yes,,primary,1.0,2.212
SAMN41143928,PRJNA1106565,s139,4M,infant,123.0,,US,healthy_control,,,,no,,primary,1.0,2.377
SAMN41144042,PRJNA1106565,s139,SS2_B,infant,446.0,,US,healthy_control,,,,,,primary,1.0,3.557
SAMN41144043,PRJNA1106565,s139,SS2_WK1,infant,453.0,,US,healthy_control,,,,,,primary,1.0,2.623
SAMN41144044,PRJNA1106565,s139,SS2_WK2,infant,461.0,,US,healthy_control,,,,,,primary,1.0,1.828
SAMN41144045,PRJNA1106565,s139,SS2_WK3,infant,467.0,,US,healthy_control,,,,,,primary,1.0,2.339
SAMN41143750,PRJNA1106565,s142,12M,infant,362.0,,US,healthy_control,,,,no,,primary,1.0,2.424
SAMN41143486,PRJNA1106565,s142,24M,infant,725.0,,US,healthy_control,,,,no,,primary,1.0,2.473
SAMN41143948,PRJNA1106565,s142,4M,infant,123.0,,US,healthy_control,,,,no,,primary,1.0,2.448
SAMN41143487,PRJNA1106565,s144,24M,infant,731.0,,US,healthy_control,,,,no,,primary,1.0,1.814
SAMN41143751,PRJNA1106565,s145,12M,infant,367.0,,US,healthy_control,,,,no,,primary,1.0,1.751
SAMN41143488,PRJNA1106565,s145,24M,infant,731.0,,US,healthy_control,,,,no,,primary,1.0,2.318
SAMN41143949,PRJNA1106565,s145,4M,infant,124.0,,US,healthy_control,,,,no,,primary,1.0,1.364
SAMN41143489,PRJNA1106565,s148,24M,infant,727.0,,US,healthy_control,,,,yes,,primary,1.0,0.694
SAMN41143926,PRJNA1106565,s148,4M,infant,128.0,,US,healthy_control,,,,no,,primary,1.0,2.463
SAMN41143752,PRJNA1106565,s149,12M,infant,367.0,,US,healthy_control,,,,yes,,primary,1.0,1.88
SAMN41143490,PRJNA1106565,s149,24M,infant,723.0,,US,healthy_control,,,,yes,,primary,1.0,1.838
SAMN41143950,PRJNA1106565,s149,4M,infant,121.0,,US,healthy_control,,,,no,,primary,1.0,1.548
SAMN41143794,PRJNA1106565,s150,12M,infant,363.0,,US,healthy_control,,,,no,,primary,1.0,2.656
SAMN41143491,PRJNA1106565,s150,24M,infant,728.0,,US,healthy_control,,,,no,,primary,1.0,2.331
SAMN41143793,PRJNA1106565,s150,4M,infant,119.0,,US,healthy_control,,,,no,,primary,1.0,2.228
SAMN41143753,PRJNA1106565,s153,12M,infant,364.0,,US,healthy_control,,,,no,,primary,1.0,0.685
SAMN41143492,PRJNA1106565,s153,24M,infant,730.0,,US,healthy_control,,,,yes,,primary,1.0,1.99
SAMN41143951,PRJNA1106565,s153,4M,infant,119.0,,US,healthy_control,,,,no,,primary,1.0,1.591
SAMN41143493,PRJNA1106565,s155,24M,infant,734.0,,US,healthy_control,,,,yes,,primary,1.0,2.312
SAMN41143936,PRJNA1106565,s155,4M,infant,124.0,,US,healthy_control,,,,no,,primary,1.0,2.39
SAMN41143494,PRJNA1106565,s157,24M,infant,731.0,,US,healthy_control,,,,no,,primary,1.0,0.88
SAMN41143952,PRJNA1106565,s157,4M,infant,120.0,,US,healthy_control,,,,no,,primary,1.0,1.649
SAMN41143754,PRJNA1106565,s158,12M,infant,364.0,,US,healthy_control,,,,no,,primary,1.0,1.944
SAMN41143495,PRJNA1106565,s158,24M,infant,737.0,,US,healthy_control,,,,yes,,primary,1.0,2.143
SAMN41143953,PRJNA1106565,s158,4M,infant,119.0,,US,healthy_control,,,,no,,primary,1.0,0.736
SAMN41144046,PRJNA1106565,s158,SS2_B,infant,373.0,,US,healthy_control,,,,,,primary,1.0,2.884
SAMN41144047,PRJNA1106565,s158,SS2_WK1,infant,380.0,,US,healthy_control,,,,,,primary,1.0,2.018
SAMN41144048,PRJNA1106565,s158,SS2_WK2,infant,387.0,,US,healthy_control,,,,,,primary,1.0,2.306
SAMN41144049,PRJNA1106565,s158,SS2_WK3,infant,391.0,,US,healthy_control,,,,,,primary,1.0,1.88
SAMN41143755,PRJNA1106565,s160,12M,infant,373.0,,US,healthy_control,,,,yes,,primary,1.0,2.247
SAMN41143800,PRJNA1106565,s160,24M,infant,733.0,,US,healthy_control,,,,yes,,primary,1.0,2.417
SAMN41143954,PRJNA1106565,s160,4M,infant,120.0,,US,healthy_control,,,,no,,primary,1.0,0.449
SAMN41144050,PRJNA1106565,s160,SS2_B,infant,320.0,,US,healthy_control,,,,,,primary,1.0,2.332
SAMN41144051,PRJNA1106565,s160,SS2_WK1,infant,323.0,,US,healthy_control,,,,,,primary,1.0,2.54
SAMN41144052,PRJNA1106565,s160,SS2_WK2,infant,329.0,,US,healthy_control,,,,,,primary,1.0,2.226
SAMN41144053,PRJNA1106565,s160,SS2_WK3,infant,336.0,,US,healthy_control,,,,,,primary,1.0,2.93
SAMN41143496,PRJNA1106565,s161,24M,infant,744.0,,US,healthy_control,,,,no,,primary,1.0,2.054
SAMN41143955,PRJNA1106565,s161,4M,infant,122.0,,US,healthy_control,,,,no,,primary,1.0,0.71
SAMN41143795,PRJNA1106565,s163,12M,infant,364.0,,US,healthy_control,,,,no,,primary,1.0,2.72
SAMN41143497,PRJNA1106565,s163,24M,infant,733.0,,US,healthy_control,,,,no,,primary,1.0,2.21
SAMN41143799,PRJNA1106565,s167,12M,infant,364.0,,US,healthy_control,,,,no,,primary,1.0,1.89
SAMN41143498,PRJNA1106565,s167,24M,infant,728.0,,US,healthy_control,,,,yes,,primary,1.0,2.194
SAMN41143798,PRJNA1106565,s167,4M,infant,120.0,,US,healthy_control,,,,no,,primary,1.0,2.598
SAMN41144054,PRJNA1106565,s167,SS2_B,infant,393.0,,US,healthy_control,,,,,,primary,1.0,2.546
SAMN41144055,PRJNA1106565,s167,SS2_WK1,infant,400.0,,US,healthy_control,,,,,,primary,1.0,3.094
SAMN41144056,PRJNA1106565,s167,SS2_WK2,infant,407.0,,US,healthy_control,,,,,,primary,1.0,3.242
SAMN41144057,PRJNA1106565,s167,SS2_WK3,infant,417.0,,US,healthy_control,,,,,,primary,1.0,2.418
SAMN41143499,PRJNA1106565,s169,24M,infant,726.0,,US,healthy_control,,,,yes,,primary,1.0,2.353
SAMN41143956,PRJNA1106565,s169,4M,infant,118.0,,US,healthy_control,,,,no,,primary,1.0,0.995
SAMN41143756,PRJNA1106565,s170,12M,infant,364.0,,US,healthy_control,,,,no,,primary,1.0,2.154
SAMN41143801,PRJNA1106565,s170,24M,infant,728.0,,US,healthy_control,,,,yes,,primary,1.0,2.344
SAMN41143957,PRJNA1106565,s170,4M,infant,120.0,,US,healthy_control,,,,no,,primary,1.0,2.26
SAMN41144058,PRJNA1106565,s170,SS2_B,infant,434.0,,US,healthy_control,,,,,,primary,1.0,2.016
SAMN41144059,PRJNA1106565,s170,SS2_WK1,infant,438.0,,US,healthy_control,,,,,,primary,1.0,1.786
SAMN41144060,PRJNA1106565,s170,SS2_WK2,infant,443.0,,US,healthy_control,,,,,,primary,1.0,2.034
SAMN41144061,PRJNA1106565,s170,SS2_WK3,infant,452.0,,US,healthy_control,,,,,,primary,1.0,2.021
SAMN41143757,PRJNA1106565,s172,12M,infant,356.0,,US,healthy_control,,,,no,,primary,1.0,1.792
SAMN41143802,PRJNA1106565,s172,24M,infant,734.0,,US,healthy_control,,,,yes,,primary,1.0,2.871
SAMN41143958,PRJNA1106565,s172,4M,infant,125.0,,US,healthy_control,,,,no,,primary,1.0,3.54
SAMN41143808,PRJNA1106565,s173,24M,infant,720.0,,US,healthy_control,,,,no,,primary,1.0,2.646
SAMN41143959,PRJNA1106565,s173,4M,infant,118.0,,US,healthy_control,,,,no,,primary,1.0,0.649
SAMN41143500,PRJNA1106565,s175,24M,infant,756.0,,US,healthy_control,,,,no,,primary,1.0,2.05
SAMN41143805,PRJNA1106565,s175,4M,infant,119.0,,US,healthy_control,,,,no,,primary,1.0,2.028
SAMN41143804,PRJNA1106565,s178,12M,infant,363.0,,US,healthy_control,,,,no,,primary,1.0,1.792
SAMN41143501,PRJNA1106565,s178,24M,infant,729.0,,US,healthy_control,,,,no,,primary,1.0,2.299
SAMN41143803,PRJNA1106565,s178,4M,infant,134.0,,US,healthy_control,,,,no,,primary,1.0,2.224
SAMN41143758,PRJNA1106565,s180,12M,infant,364.0,,US,healthy_control,,,,no,,primary,1.0,2.099
SAMN41143811,PRJNA1106565,s180,24M,infant,735.0,,US,healthy_control,,,,no,,primary,1.0,2.188
SAMN41143960,PRJNA1106565,s180,4M,infant,120.0,,US,healthy_control,,,,no,,primary,1.0,1.083
SAMN41143759,PRJNA1106565,s184,12M,infant,365.0,,US,healthy_control,,,,no,,primary,1.0,2.035
SAMN41143502,PRJNA1106565,s184,24M,infant,730.0,,US,healthy_control,,,,yes,,primary,1.0,1.9
SAMN41143961,PRJNA1106565,s184,4M,infant,147.0,,US,healthy_control,,,,no,,primary,1.0,2.637
SAMN41143760,PRJNA1106565,s185,12M,infant,366.0,,US,healthy_control,,,,no,,primary,1.0,1.798
SAMN41143814,PRJNA1106565,s185,24M,infant,730.0,,US,healthy_control,,,,no,,primary,1.0,2.904
SAMN41143962,PRJNA1106565,s185,4M,infant,117.0,,US,healthy_control,,,,no,,primary,1.0,1.46
SAMN41143815,PRJNA1106565,s186,24M,infant,739.0,,US,healthy_control,,,,no,,primary,1.0,1.509
SAMN41143963,PRJNA1106565,s186,4M,infant,120.0,,US,healthy_control,,,,no,,primary,1.0,1.727
SAMN41143761,PRJNA1106565,s187,12M,infant,365.0,,US,healthy_control,,,,yes,,primary,1.0,2.174
SAMN41143807,PRJNA1106565,s187,24M,infant,713.0,,US,healthy_control,,,,yes,,primary,1.0,2.206
SAMN41143964,PRJNA1106565,s187,4M,infant,120.0,,US,healthy_control,,,,no,,primary,1.0,2.258
SAMN41144062,PRJNA1106565,s187,SS2_B,infant,325.0,,US,healthy_control,,,,,,primary,1.0,2.28
SAMN41144063,PRJNA1106565,s187,SS2_WK1,infant,331.0,,US,healthy_control,,,,,,primary,1.0,2.373
SAMN41144064,PRJNA1106565,s187,SS2_WK2,infant,337.0,,US,healthy_control,,,,,,primary,1.0,2.874
SAMN41144065,PRJNA1106565,s187,SS2_WK3,infant,343.0,,US,healthy_control,,,,,,primary,1.0,2.018
SAMN41143762,PRJNA1106565,s188,12M,infant,365.0,,US,healthy_control,,,,no,,primary,1.0,2.075
SAMN41143816,PRJNA1106565,s188,24M,infant,733.0,,US,healthy_control,,,,yes,,primary,1.0,1.726
SAMN41143965,PRJNA1106565,s188,4M,infant,127.0,,US,healthy_control,,,,no,,primary,1.0,0.964
SAMN41143763,PRJNA1106565,s189,12M,infant,374.0,,US,healthy_control,,,,no,,primary,1.0,2.017
SAMN41143810,PRJNA1106565,s189,24M,infant,788.0,,US,healthy_control,,,,no,,primary,1.0,2.644
SAMN41143966,PRJNA1106565,s189,4M,infant,122.0,,US,healthy_control,,,,no,,primary,1.0,1.793
SAMN41143813,PRJNA1106565,s190,12M,infant,381.0,,US,healthy_control,,,,yes,,primary,1.0,1.857
SAMN41143812,PRJNA1106565,s190,4M,infant,118.0,,US,healthy_control,,,,no,,primary,1.0,2.127
SAMN41144066,PRJNA1106565,s190,SS2_B,infant,261.0,,US,healthy_control,,,,,,primary,1.0,3.796
SAMN41144067,PRJNA1106565,s190,SS2_WK1,infant,273.0,,US,healthy_control,,,,,,primary,1.0,2.803
SAMN41144068,PRJNA1106565,s190,SS2_WK2,infant,278.0,,US,healthy_control,,,,,,primary,1.0,2.206
SAMN41144069,PRJNA1106565,s190,SS2_WK3,infant,287.0,,US,healthy_control,,,,,,primary,1.0,2.386
SAMN41143764,PRJNA1106565,s191,12M,infant,367.0,,US,healthy_control,,,,no,,primary,1.0,1.877
SAMN41143809,PRJNA1106565,s191,24M,infant,732.0,,US,healthy_control,,,,yes,,primary,1.0,2.911
SAMN41143967,PRJNA1106565,s191,4M,infant,118.0,,US,healthy_control,,,,no,,primary,1.0,0.816
SAMN41143765,PRJNA1106565,s192,12M,infant,366.0,,US,healthy_control,,,,no,,primary,1.0,1.809
SAMN41143821,PRJNA1106565,s192,24M,infant,737.0,,US,healthy_control,,,,yes,,primary,1.0,2.408
SAMN41143968,PRJNA1106565,s192,4M,infant,118.0,,US,healthy_control,,,,no,,primary,1.0,1.39
SAMN41143820,PRJNA1106565,s193,24M,infant,732.0,,US,healthy_control,,,,no,,primary,1.0,1.755
SAMN41143969,PRJNA1106565,s193,4M,infant,114.0,,US,healthy_control,,,,no,,primary,1.0,0.031
SAMN41143830,PRJNA1106565,s195,12M,infant,364.0,,US,healthy_control,,,,no,,primary,1.0,1.705
SAMN41143829,PRJNA1106565,s195,4M,infant,119.0,,US,healthy_control,,,,no,,primary,1.0,1.774
SAMN41144070,PRJNA1106565,s195,SS2_B,infant,412.0,,US,healthy_control,,,,,,primary,1.0,2.628
SAMN41144071,PRJNA1106565,s195,SS2_WK1,infant,418.0,,US,healthy_control,,,,,,primary,1.0,2.696
SAMN41144072,PRJNA1106565,s195,SS2_WK2,infant,425.0,,US,healthy_control,,,,,,primary,1.0,4.108
SAMN41144073,PRJNA1106565,s195,SS2_WK3,infant,430.0,,US,healthy_control,,,,,,primary,1.0,2.3
SAMN41143766,PRJNA1106565,s196,12M,infant,363.0,,US,healthy_control,,,,yes,,primary,1.0,2.121
SAMN41143826,PRJNA1106565,s196,24M,infant,728.0,,US,healthy_control,,,,yes,,primary,1.0,2.429
SAMN41143970,PRJNA1106565,s196,4M,infant,118.0,,US,healthy_control,,,,no,,primary,1.0,2.096
SAMN41144074,PRJNA1106565,s196,SS2_B,infant,244.0,,US,healthy_control,,,,,,primary,1.0,2.454
SAMN41144075,PRJNA1106565,s196,SS2_WK1,infant,252.0,,US,healthy_control,,,,,,primary,1.0,2.588
SAMN41144076,PRJNA1106565,s196,SS2_WK2,infant,257.0,,US,healthy_control,,,,,,primary,1.0,3.956
SAMN41144077,PRJNA1106565,s196,SS2_WK3,infant,264.0,,US,healthy_control,,,,,,primary,1.0,2.234
SAMN41143503,PRJNA1106565,s199,24M,infant,721.0,,US,healthy_control,,,,yes,,primary,1.0,2.44
SAMN41143806,PRJNA1106565,s199,4M,infant,118.0,,US,healthy_control,,,,no,,primary,1.0,1.718
SAMN41144078,PRJNA1106565,s199,SS2_B,infant,637.0,,US,healthy_control,,,,,,primary,1.0,2.324
SAMN41144079,PRJNA1106565,s199,SS2_WK1,infant,643.0,,US,healthy_control,,,,,,primary,1.0,2.404
SAMN41144080,PRJNA1106565,s199,SS2_WK2,infant,654.0,,US,healthy_control,,,,,,primary,1.0,2.587
SAMN41144081,PRJNA1106565,s199,SS2_WK3,infant,659.0,,US,healthy_control,,,,,,primary,1.0,2.769
SAMN41143767,PRJNA1106565,s200,12M,infant,362.0,,US,healthy_control,,,,no,,primary,1.0,1.731
SAMN41143823,PRJNA1106565,s200,24M,infant,732.0,,US,healthy_control,,,,no,,primary,1.0,2.344
SAMN41143971,PRJNA1106565,s200,4M,infant,119.0,,US,healthy_control,,,,no,,primary,1.0,0.574
SAMN41143817,PRJNA1106565,s202,24M,infant,727.0,,US,healthy_control,,,,yes,,primary,1.0,1.627
SAMN41143972,PRJNA1106565,s202,4M,infant,118.0,,US,healthy_control,,,,no,,primary,1.0,1.944
SAMN41144082,PRJNA1106565,s202,SS2_B,infant,265.0,,US,healthy_control,,,,,,primary,1.0,2.385
SAMN41144083,PRJNA1106565,s202,SS2_WK1,infant,270.0,,US,healthy_control,,,,,,primary,1.0,1.935
SAMN41144084,PRJNA1106565,s202,SS2_WK2,infant,275.0,,US,healthy_control,,,,,,primary,1.0,2.93
SAMN41144085,PRJNA1106565,s202,SS2_WK3,infant,280.0,,US,healthy_control,,,,,,primary,1.0,2.917
SAMN41143819,PRJNA1106565,s204,12M,infant,365.0,,US,healthy_control,,,,no,,primary,1.0,1.872
SAMN41143504,PRJNA1106565,s204,24M,infant,730.0,,US,healthy_control,,,,no,,primary,1.0,1.938
SAMN41143818,PRJNA1106565,s204,4M,infant,119.0,,US,healthy_control,,,,no,,primary,1.0,2.004
SAMN41143768,PRJNA1106565,s206,12M,infant,361.0,,US,healthy_control,,,,no,,primary,1.0,2.127
SAMN41143505,PRJNA1106565,s206,24M,infant,741.0,,US,healthy_control,,,,yes,,primary,1.0,2.185
SAMN41143973,PRJNA1106565,s206,4M,infant,116.0,,US,healthy_control,,,,no,,primary,1.0,1.66
SAMN41143769,PRJNA1106565,s207,12M,infant,364.0,,US,healthy_control,,,,no,,primary,1.0,2.122
SAMN41143831,PRJNA1106565,s207,24M,infant,726.0,,US,healthy_control,,,,no,,primary,1.0,2.198
SAMN41143974,PRJNA1106565,s207,4M,infant,120.0,,US,healthy_control,,,,no,,primary,1.0,1.424
SAMN41143770,PRJNA1106565,s208,12M,infant,365.0,,US,healthy_control,,,,no,,primary,1.0,2.044
SAMN41143975,PRJNA1106565,s208,4M,infant,122.0,,US,healthy_control,,,,no,,primary,1.0,0.0
SAMN41143832,PRJNA1106565,s209,4M,infant,118.0,,US,healthy_control,,,,no,,primary,1.0,1.833
SAMN41143771,PRJNA1106565,s210,12M,infant,363.0,,US,healthy_control,,,,no,,primary,1.0,2.052
SAMN41143833,PRJNA1106565,s210,24M,infant,734.0,,US,healthy_control,,,,no,,primary,1.0,2.802
SAMN41143976,PRJNA1106565,s210,4M,infant,125.0,,US,healthy_control,,,,no,,primary,1.0,1.514
SAMN41143506,PRJNA1106565,s212,24M,infant,729.0,,US,healthy_control,,,,yes,,primary,1.0,1.922
SAMN41143835,PRJNA1106565,s212,4M,infant,119.0,,US,healthy_control,,,,no,,primary,1.0,2.785
SAMN41144086,PRJNA1106565,s212,SS2_B,infant,197.0,,US,healthy_control,,,,,,primary,1.0,2.219
SAMN41144087,PRJNA1106565,s212,SS2_WK1,infant,204.0,,US,healthy_control,,,,,,primary,1.0,2.498
SAMN41144088,PRJNA1106565,s212,SS2_WK2,infant,211.0,,US,healthy_control,,,,,,primary,1.0,2.842
SAMN41144089,PRJNA1106565,s212,SS2_WK3,infant,216.0,,US,healthy_control,,,,,,primary,1.0,3.649
SAMN41143825,PRJNA1106565,s213,12M,infant,363.0,,US,healthy_control,,,,no,,primary,1.0,2.776
SAMN41143507,PRJNA1106565,s213,24M,infant,727.0,,US,healthy_control,,,,yes,,primary,1.0,2.25
SAMN41143824,PRJNA1106565,s213,4M,infant,118.0,,US,healthy_control,,,,no,,primary,1.0,1.684
SAMN41143772,PRJNA1106565,s221,12M,infant,363.0,,US,healthy_control,,,,no,,primary,1.0,1.871
SAMN41143827,PRJNA1106565,s221,24M,infant,727.0,,US,healthy_control,,,,no,,primary,1.0,2.309
SAMN41143977,PRJNA1106565,s221,4M,infant,117.0,,US,healthy_control,,,,no,,primary,1.0,1.302
SAMN41143773,PRJNA1106565,s222,12M,infant,364.0,,US,healthy_control,,,,no,,primary,1.0,2.093
SAMN41143828,PRJNA1106565,s222,24M,infant,726.0,,US,healthy_control,,,,yes,,primary,1.0,2.095
SAMN41143978,PRJNA1106565,s222,4M,infant,119.0,,US,healthy_control,,,,no,,primary,1.0,1.387
SAMN41143774,PRJNA1106565,s224,12M,infant,367.0,,US,healthy_control,,,,yes,,primary,1.0,1.821
SAMN41143979,PRJNA1106565,s224,4M,infant,118.0,,US,healthy_control,,,,no,,primary,1.0,1.682
SAMN41144090,PRJNA1106565,s224,SS2_B,infant,230.0,,US,healthy_control,,,,,,primary,1.0,2.057
SAMN41144091,PRJNA1106565,s224,SS2_WK1,infant,240.0,,US,healthy_control,,,,,,primary,1.0,3.928
SAMN41144092,PRJNA1106565,s224,SS2_WK2,infant,244.0,,US,healthy_control,,,,,,primary,1.0,2.205
SAMN41144093,PRJNA1106565,s224,SS2_WK3,infant,248.0,,US,healthy_control,,,,,,primary,1.0,2.409
SAMN41143508,PRJNA1106565,s225,24M,infant,739.0,,US,healthy_control,,,,yes,,primary,1.0,1.972
SAMN41143834,PRJNA1106565,s225,4M,infant,118.0,,US,healthy_control,,,,no,,primary,1.0,0.916
SAMN41143775,PRJNA1106565,s230,12M,infant,364.0,,US,healthy_control,,,,no,,primary,1.0,1.707
SAMN41143509,PRJNA1106565,s230,24M,infant,728.0,,US,healthy_control,,,,no,,primary,1.0,1.949
SAMN41143980,PRJNA1106565,s230,4M,infant,118.0,,US,healthy_control,,,,no,,primary,1.0,0.65
SAMN41143776,PRJNA1106565,s231,12M,infant,375.0,,US,healthy_control,,,,no,,primary,1.0,2.051
SAMN41143981,PRJNA1106565,s231,4M,infant,122.0,,US,healthy_control,,,,no,,primary,1.0,0.047
SAMN41143839,PRJNA1106565,s232,12M,infant,363.0,,US,healthy_control,,,,yes,,primary,1.0,2.428
SAMN41143510,PRJNA1106565,s232,24M,infant,718.0,,US,healthy_control,,,,yes,,primary,1.0,2.699
SAMN41143838,PRJNA1106565,s232,4M,infant,118.0,,US,healthy_control,,,,yes,,primary,1.0,1.85
SAMN41143511,PRJNA1106565,s234,24M,infant,734.0,,US,healthy_control,,,,yes,,primary,1.0,2.078
SAMN41143840,PRJNA1106565,s234,4M,infant,119.0,,US,healthy_control,,,,no,,primary,1.0,1.516
SAMN41143777,PRJNA1106565,s235,12M,infant,361.0,,US,healthy_control,,,,no,,primary,1.0,1.732
SAMN41143837,PRJNA1106565,s235,24M,infant,736.0,,US,healthy_control,,,,no,,primary,1.0,1.903
SAMN41143982,PRJNA1106565,s235,4M,infant,121.0,,US,healthy_control,,,,no,,primary,1.0,2.174
SAMN41143983,PRJNA1106565,s241,4M,infant,117.0,,US,healthy_control,,,,no,,primary,1.0,2.428
SAMN41143778,PRJNA1106565,s245,12M,infant,363.0,,US,healthy_control,,,,no,,primary,1.0,1.965
SAMN41143512,PRJNA1106565,s245,24M,infant,727.0,,US,healthy_control,,,,no,,primary,1.0,2.391
SAMN41143984,PRJNA1106565,s245,4M,infant,124.0,,US,healthy_control,,,,no,,primary,1.0,0.34
SAMN41143779,PRJNA1106565,s253,12M,infant,362.0,,US,healthy_control,,,,yes,,primary,1.0,2.227
SAMN41143513,PRJNA1106565,s253,24M,infant,735.0,,US,healthy_control,,,,yes,,primary,1.0,2.155
SAMN41143985,PRJNA1106565,s253,4M,infant,124.0,,US,healthy_control,,,,yes,,primary,1.0,1.374
SAMN41143842,PRJNA1106565,s255,12M,infant,364.0,,US,healthy_control,,,,no,,primary,1.0,2.075
SAMN41143514,PRJNA1106565,s255,24M,infant,732.0,,US,healthy_control,,,,no,,primary,1.0,2.774
SAMN41143841,PRJNA1106565,s255,4M,infant,126.0,,US,healthy_control,,,,no,,primary,1.0,2.032
SAMN41143515,PRJNA1106565,s256,24M,infant,729.0,,US,healthy_control,,,,yes,,primary,1.0,1.415
SAMN41143986,PRJNA1106565,s256,4M,infant,124.0,,US,healthy_control,,,,no,,primary,1.0,1.629
SAMN41143780,PRJNA1106565,s257,12M,infant,368.0,,US,healthy_control,,,,no,,primary,1.0,2.13
SAMN41143516,PRJNA1106565,s257,24M,infant,753.0,,US,healthy_control,,,,no,,primary,1.0,2.234
SAMN41143987,PRJNA1106565,s257,4M,infant,117.0,,US,healthy_control,,,,no,,primary,1.0,1.382
SAMN41143781,PRJNA1106565,s261,12M,infant,369.0,,US,healthy_control,,,,no,,primary,1.0,1.798
SAMN41143517,PRJNA1106565,s261,24M,infant,741.0,,US,healthy_control,,,,no,,primary,1.0,2.734
SAMN41143988,PRJNA1106565,s261,4M,infant,124.0,,US,healthy_control,,,,no,,primary,1.0,2.302
SAMN41143782,PRJNA1106565,s262,12M,infant,367.0,,US,healthy_control,,,,no,,primary,1.0,2.415
SAMN41143518,PRJNA1106565,s262,24M,infant,781.0,,US,healthy_control,,,,no,,primary,1.0,2.154
SAMN41143989,PRJNA1106565,s262,4M,infant,118.0,,US,healthy_control,,,,no,,primary,1.0,1.342
SAMN41143783,PRJNA1106565,s265,12M,infant,363.0,,US,healthy_control,,,,yes,,primary,1.0,1.746
SAMN41143990,PRJNA1106565,s265,4M,infant,117.0,,US,healthy_control,,,,no,,primary,1.0,1.497
SAMN41143519,PRJNA1106565,s266,24M,infant,730.0,,US,healthy_control,,,,no,,primary,1.0,1.569
SAMN41143844,PRJNA1106565,s266,4M,infant,128.0,,US,healthy_control,,,,no,,primary,1.0,1.691
SAMN41143784,PRJNA1106565,s267,12M,infant,362.0,,US,healthy_control,,,,yes,,primary,1.0,1.821
SAMN41143520,PRJNA1106565,s267,24M,infant,733.0,,US,healthy_control,,,,yes,,primary,1.0,2.37
SAMN41143991,PRJNA1106565,s267,4M,infant,124.0,,US,healthy_control,,,,no,,primary,1.0,1.47
SAMN41144094,PRJNA1106565,s267,SS2_B,infant,250.0,,US,healthy_control,,,,,,primary,1.0,2.934
SAMN41144095,PRJNA1106565,s267,SS2_WK1,infant,256.0,,US,healthy_control,,,,,,primary,1.0,1.994
SAMN41144096,PRJNA1106565,s267,SS2_WK2,infant,264.0,,US,healthy_control,,,,,,primary,1.0,2.311
SAMN41144097,PRJNA1106565,s267,SS2_WK3,infant,266.0,,US,healthy_control,,,,,,primary,1.0,2.195
SAMN41143521,PRJNA1106565,s272,24M,infant,732.0,,US,healthy_control,,,,yes,,primary,1.0,2.486
SAMN41143992,PRJNA1106565,s272,4M,infant,124.0,,US,healthy_control,,,,no,,primary,1.0,0.617
SAMN41143846,PRJNA1106565,s273,12M,infant,367.0,,US,healthy_control,,,,yes,,primary,1.0,1.943
SAMN41143522,PRJNA1106565,s273,24M,infant,732.0,,US,healthy_control,,,,yes,,primary,1.0,1.706
SAMN41143845,PRJNA1106565,s273,4M,infant,120.0,,US,healthy_control,,,,no,,primary,1.0,2.932
SAMN41144098,PRJNA1106565,s273,SS2_B,infant,365.0,,US,healthy_control,,,,,,primary,1.0,2.462
SAMN41144099,PRJNA1106565,s273,SS2_WK1,infant,373.0,,US,healthy_control,,,,,,primary,1.0,2.291
SAMN41144100,PRJNA1106565,s273,SS2_WK2,infant,381.0,,US,healthy_control,,,,,,primary,1.0,2.668
SAMN41144101,PRJNA1106565,s273,SS2_WK3,infant,387.0,,US,healthy_control,,,,,,primary,1.0,2.06
SAMN41143843,PRJNA1106565,s274,4M,infant,123.0,,US,healthy_control,,,,no,,primary,1.0,1.869
SAMN41143523,PRJNA1106565,s275,24M,infant,730.0,,US,healthy_control,,,,yes,,primary,1.0,1.89
SAMN41143993,PRJNA1106565,s275,4M,infant,120.0,,US,healthy_control,,,,no,,primary,1.0,1.098
SAMN41143785,PRJNA1106565,s277,12M,infant,362.0,,US,healthy_control,,,,no,,primary,1.0,1.919
SAMN41143524,PRJNA1106565,s277,24M,infant,731.0,,US,healthy_control,,,,no,,primary,1.0,1.94
SAMN41143994,PRJNA1106565,s277,4M,infant,122.0,,US,healthy_control,,,,no,,primary,1.0,1.51
SAMN41143525,PRJNA1106565,s281,24M,infant,734.0,,US,healthy_control,,,,yes,,primary,1.0,2.017
SAMN41143995,PRJNA1106565,s281,4M,infant,134.0,,US,healthy_control,,,,no,,primary,1.0,1.475
SAMN41143526,PRJNA1106565,s283,24M,infant,740.0,,US,healthy_control,,,,yes,,primary,1.0,2.245
SAMN41143996,PRJNA1106565,s283,4M,infant,119.0,,US,healthy_control,,,,no,,primary,1.0,1.128
SAMN41143527,PRJNA1106565,s285,24M,infant,728.0,,US,healthy_control,,,,yes,,primary,1.0,2.097
SAMN41143997,PRJNA1106565,s285,4M,infant,125.0,,US,healthy_control,,,,no,,primary,1.0,1.465
SAMN41143786,PRJNA1106565,s287,12M,infant,371.0,,US,healthy_control,,,,yes,,primary,1.0,1.86
SAMN41143528,PRJNA1106565,s287,24M,infant,728.0,,US,healthy_control,,,,yes,,primary,1.0,2.735
SAMN41143998,PRJNA1106565,s287,4M,infant,123.0,,US,healthy_control,,,,no,,primary,1.0,0.382
SAMN41143529,PRJNA1106565,s288,24M,infant,739.0,,US,healthy_control,,,,yes,,primary,1.0,2.296
SAMN41143999,PRJNA1106565,s288,4M,infant,125.0,,US,healthy_control,,,,no,,primary,1.0,3.1
SAMN41143530,PRJNA1106565,s289,24M,infant,727.0,,US,healthy_control,,,,yes,,primary,1.0,2.278
SAMN41143848,PRJNA1106565,s289,4M,infant,125.0,,US,healthy_control,,,,no,,primary,1.0,1.775
SAMN41143855,PRJNA1106565,s290,12M,infant,363.0,,US,healthy_control,,,,no,,primary,1.0,2.234
SAMN41143531,PRJNA1106565,s290,24M,infant,736.0,,US,healthy_control,,,,yes,,primary,1.0,0.783
SAMN41143854,PRJNA1106565,s290,4M,infant,122.0,,US,healthy_control,,,,no,,primary,1.0,1.828
SAMN41143787,PRJNA1106565,s291,12M,infant,360.0,,US,healthy_control,,,,yes,,primary,1.0,2.026
SAMN41143532,PRJNA1106565,s291,24M,infant,726.0,,US,healthy_control,,,,yes,,primary,1.0,2.564
SAMN41144000,PRJNA1106565,s291,4M,infant,122.0,,US,healthy_control,,,,yes,,primary,1.0,0.105
SAMN41143533,PRJNA1106565,s294,24M,infant,730.0,,US,healthy_control,,,,no,,primary,1.0,1.78
SAMN41143849,PRJNA1106565,s294,4M,infant,121.0,,US,healthy_control,,,,no,,primary,1.0,1.462
SAMN41143788,PRJNA1106565,s295,12M,infant,371.0,,US,healthy_control,,,,no,,primary,1.0,2.104
SAMN41144001,PRJNA1106565,s295,4M,infant,123.0,,US,healthy_control,,,,no,,primary,1.0,1.785
SAMN41143789,PRJNA1106565,s298,12M,infant,367.0,,US,healthy_control,,,,yes,,primary,1.0,1.886
SAMN41143534,PRJNA1106565,s298,24M,infant,727.0,,US,healthy_control,,,,yes,,primary,1.0,1.961
SAMN41144002,PRJNA1106565,s298,4M,infant,123.0,,US,healthy_control,,,,yes,,primary,1.0,3.037
SAMN41144102,PRJNA1106565,s298,SS2_B,infant,95.0,,US,healthy_control,,,,,,primary,1.0,2.031
SAMN41144103,PRJNA1106565,s298,SS2_WK1,infant,102.0,,US,healthy_control,,,,,,primary,1.0,2.626
SAMN41144104,PRJNA1106565,s298,SS2_WK2,infant,108.0,,US,healthy_control,,,,,,primary,1.0,2.05
SAMN41144105,PRJNA1106565,s298,SS2_WK3,infant,117.0,,US,healthy_control,,,,,,primary,1.0,2.143
SAMN41143851,PRJNA1106565,s299,12M,infant,362.0,,US,healthy_control,,,,no,,primary,1.0,2.382
SAMN41143535,PRJNA1106565,s299,24M,infant,733.0,,US,healthy_control,,,,no,,primary,1.0,2.133
SAMN41143850,PRJNA1106565,s299,4M,infant,124.0,,US,healthy_control,,,,no,,primary,1.0,2.424
SAMN41143536,PRJNA1106565,s300,24M,infant,744.0,,US,healthy_control,,,,yes,,primary,1.0,2.032
SAMN41143860,PRJNA1106565,s300,4M,infant,122.0,,US,healthy_control,,,,no,,primary,1.0,1.955
SAMN41143857,PRJNA1106565,s301,12M,infant,365.0,,US,healthy_control,,,,no,,primary,1.0,1.83
SAMN41143537,PRJNA1106565,s301,24M,infant,735.0,,US,healthy_control,,,,no,,primary,1.0,1.497
SAMN41143856,PRJNA1106565,s301,4M,infant,119.0,,US,healthy_control,,,,no,,primary,1.0,1.821
SAMN41143790,PRJNA1106565,s302,12M,infant,360.0,,US,healthy_control,,,,yes,,primary,1.0,2.333
SAMN41143538,PRJNA1106565,s302,24M,infant,760.0,,US,healthy_control,,,,yes,,primary,1.0,1.831
SAMN41144003,PRJNA1106565,s302,4M,infant,127.0,,US,healthy_control,,,,no,,primary,1.0,2.859
SAMN41143859,PRJNA1106565,s304,12M,infant,361.0,,US,healthy_control,,,,yes,,primary,1.0,2.285
SAMN41143539,PRJNA1106565,s304,24M,infant,755.0,,US,healthy_control,,,,yes,,primary,1.0,1.6
SAMN41144106,PRJNA1106565,s304,SS2_B,infant,365.0,,US,healthy_control,,,,,,primary,1.0,2.241
SAMN41144107,PRJNA1106565,s304,SS2_WK1,infant,370.0,,US,healthy_control,,,,,,primary,1.0,2.097
SAMN41144108,PRJNA1106565,s304,SS2_WK2,infant,382.0,,US,healthy_control,,,,,,primary,1.0,2.179
SAMN41144109,PRJNA1106565,s304,SS2_WK3,infant,389.0,,US,healthy_control,,,,,,primary,1.0,6.92
SAMN41143791,PRJNA1106565,s305,12M,infant,367.0,,US,healthy_control,,,,yes,,primary,1.0,0.008
SAMN41143540,PRJNA1106565,s305,24M,infant,736.0,,US,healthy_control,,,,yes,,primary,1.0,2.08
SAMN41144004,PRJNA1106565,s305,4M,infant,122.0,,US,healthy_control,,,,yes,,primary,1.0,1.904
SAMN41144005,PRJNA1106565,s307,4M,infant,121.0,,US,healthy_control,,,,no,,primary,1.0,1.045
SAMN41143541,PRJNA1106565,s311,24M,infant,733.0,,US,healthy_control,,,,yes,,primary,1.0,2.569
SAMN41143861,PRJNA1106565,s311,4M,infant,124.0,,US,healthy_control,,,,no,,primary,1.0,1.873
SAMN41144110,PRJNA1106565,s311,SS2_B,infant,262.0,,US,healthy_control,,,,,,primary,1.0,3.408
SAMN41144111,PRJNA1106565,s311,SS2_WK1,infant,268.0,,US,healthy_control,,,,,,primary,1.0,1.774
SAMN41144112,PRJNA1106565,s311,SS2_WK2,infant,274.0,,US,healthy_control,,,,,,primary,1.0,2.328
SAMN41144113,PRJNA1106565,s311,SS2_WK3,infant,281.0,,US,healthy_control,,,,,,primary,1.0,2.15
SAMN41143542,PRJNA1106565,s312,24M,infant,733.0,,US,healthy_control,,,,yes,,primary,1.0,2.154
SAMN41143862,PRJNA1106565,s312,4M,infant,124.0,,US,healthy_control,,,,no,,primary,1.0,1.492
SAMN41144114,PRJNA1106565,s312,SS2_B,infant,306.0,,US,healthy_control,,,,,,primary,1.0,2.697
SAMN41144115,PRJNA1106565,s312,SS2_WK1,infant,313.0,,US,healthy_control,,,,,,primary,1.0,1.993
SAMN41144116,PRJNA1106565,s312,SS2_WK2,infant,317.0,,US,healthy_control,,,,,,primary,1.0,2.581
SAMN41144117,PRJNA1106565,s312,SS2_WK3,infant,320.0,,US,healthy_control,,,,,,primary,1.0,1.961
SAMN41143543,PRJNA1106565,s314,24M,infant,732.0,,US,healthy_control,,,,no,,primary,1.0,2.505
SAMN41144006,PRJNA1106565,s314,4M,infant,130.0,,US,healthy_control,,,,no,,primary,1.0,2.84
SAMN41143544,PRJNA1106565,s319,24M,infant,732.0,,US,healthy_control,,,,no,,primary,1.0,1.779
SAMN41144007,PRJNA1106565,s319,4M,infant,121.0,,US,healthy_control,,,,no,,primary,1.0,0.631
SAMN41143792,PRJNA1106565,s322,12M,infant,365.0,,US,healthy_control,,,,no,,primary,1.0,1.702
SAMN41143545,PRJNA1106565,s322,24M,infant,734.0,,US,healthy_control,,,,yes,,primary,1.0,2.065
SAMN41144008,PRJNA1106565,s322,4M,infant,123.0,,US,healthy_control,,,,no,,primary,1.0,2.361
SAMN41143546,PRJNA1106565,s324,24M,infant,729.0,,US,healthy_control,,,,no,,primary,1.0,2.257
SAMN41143866,PRJNA1106565,s324,4M,infant,120.0,,US,healthy_control,,,,no,,primary,1.0,1.836
SAMN41143742,PRJNA1106565,s325,12M,infant,364.0,,US,healthy_control,,,,no,,primary,1.0,2.451
SAMN41144009,PRJNA1106565,s325,4M,infant,122.0,,US,healthy_control,,,,no,,primary,1.0,0.63
SAMN41143547,PRJNA1106565,s330,24M,infant,731.0,,US,healthy_control,,,,yes,,primary,1.0,2.041
SAMN41143865,PRJNA1106565,s330,4M,infant,121.0,,US,healthy_control,,,,no,,primary,1.0,1.812
SAMN41143548,PRJNA1106565,s339,24M,infant,729.0,,US,healthy_control,,,,yes,,primary,1.0,1.786
SAMN41143869,PRJNA1106565,s339,4M,infant,120.0,,US,healthy_control,,,,no,,primary,1.0,1.463
SAMN41143867,PRJNA1106565,s340,4M,infant,121.0,,US,healthy_control,,,,no,,primary,1.0,1.634
SAMN41144118,PRJNA1106565,s340,SS2_WK1,infant,670.0,,US,healthy_control,,,,,,primary,1.0,2.436
SAMN41144119,PRJNA1106565,s340,SS2_WK2,infant,681.0,,US,healthy_control,,,,,,primary,1.0,2.107
SAMN41144120,PRJNA1106565,s340,SS2_WK3,infant,689.0,,US,healthy_control,,,,,,primary,1.0,2.469
SAMN41143871,PRJNA1106565,s345,12M,infant,365.0,,US,healthy_control,,,,yes,,primary,1.0,2.138
SAMN41143549,PRJNA1106565,s345,24M,infant,767.0,,US,healthy_control,,,,yes,,primary,1.0,2.143
SAMN41143870,PRJNA1106565,s345,4M,infant,128.0,,US,healthy_control,,,,no,,primary,1.0,1.571
SAMN41143873,PRJNA1106565,s350,12M,infant,367.0,,US,healthy_control,,,,no,,primary,1.0,2.06
SAMN41143550,PRJNA1106565,s350,24M,infant,728.0,,US,healthy_control,,,,no,,primary,1.0,2.288
SAMN41143872,PRJNA1106565,s350,4M,infant,119.0,,US,healthy_control,,,,no,,primary,1.0,1.6
SAMN41143551,PRJNA1106565,s351,24M,infant,730.0,,US,healthy_control,,,,no,,primary,1.0,1.763
SAMN41143883,PRJNA1106565,s351,4M,infant,122.0,,US,healthy_control,,,,no,,primary,1.0,1.906
SAMN41143875,PRJNA1106565,s352,12M,infant,364.0,,US,healthy_control,,,,yes,,primary,1.0,1.941
SAMN41143552,PRJNA1106565,s352,24M,infant,730.0,,US,healthy_control,,,,yes,,primary,1.0,2.134
SAMN41143874,PRJNA1106565,s352,4M,infant,120.0,,US,healthy_control,,,,no,,primary,1.0,1.751
SAMN41143878,PRJNA1106565,s357,12M,infant,364.0,,US,healthy_control,,,,yes,,primary,1.0,1.898
SAMN41143553,PRJNA1106565,s357,24M,infant,728.0,,US,healthy_control,,,,yes,,primary,1.0,2.04
SAMN41143877,PRJNA1106565,s357,4M,infant,128.0,,US,healthy_control,,,,no,,primary,1.0,1.456
SAMN41143881,PRJNA1106565,s359,12M,infant,362.0,,US,healthy_control,,,,no,,primary,1.0,1.849
SAMN41143554,PRJNA1106565,s359,24M,infant,732.0,,US,healthy_control,,,,no,,primary,1.0,2.162
SAMN41143555,PRJNA1106565,s360,24M,infant,732.0,,US,healthy_control,,,,yes,,primary,1.0,2.696
SAMN41143890,PRJNA1106565,s360,4M,infant,120.0,,US,healthy_control,,,,yes,,primary,1.0,1.999
SAMN41143892,PRJNA1106565,s367,12M,infant,386.0,,US,healthy_control,,,,no,,primary,1.0,1.628
SAMN41143891,PRJNA1106565,s367,4M,infant,126.0,,US,healthy_control,,,,no,,primary,1.0,2.056
SAMN41143885,PRJNA1106565,s369,12M,infant,362.0,,US,healthy_control,,,,no,,primary,1.0,2.64
SAMN41143884,PRJNA1106565,s369,4M,infant,121.0,,US,healthy_control,,,,no,,primary,1.0,2.034
SAMN41143556,PRJNA1106565,s370,24M,infant,727.0,,US,healthy_control,,,,yes,,primary,1.0,2.246
SAMN41143882,PRJNA1106565,s370,4M,infant,121.0,,US,healthy_control,,,,yes,,primary,1.0,2.054
SAMN41143893,PRJNA1106565,s375,12M,infant,363.0,,US,healthy_control,,,,yes,,primary,1.0,2.405
SAMN41143880,PRJNA1106565,s376,12M,infant,364.0,,US,healthy_control,,,,no,,primary,1.0,2.132
SAMN41143557,PRJNA1106565,s376,24M,infant,732.0,,US,healthy_control,,,,yes,,primary,1.0,1.757
SAMN41143879,PRJNA1106565,s376,4M,infant,122.0,,US,healthy_control,,,,no,,primary,1.0,1.699
SAMN41143889,PRJNA1106565,s383,12M,infant,367.0,,US,healthy_control,,,,no,,primary,1.0,2.791
SAMN41143558,PRJNA1106565,s383,24M,infant,746.0,,US,healthy_control,,,,no,,primary,1.0,2.2
SAMN41143888,PRJNA1106565,s383,4M,infant,123.0,,US,healthy_control,,,,no,,primary,1.0,2.435
SAMN41143887,PRJNA1106565,s384,12M,infant,365.0,,US,healthy_control,,,,no,,primary,1.0,2.746
SAMN41143886,PRJNA1106565,s384,4M,infant,120.0,,US,healthy_control,,,,no,,primary,1.0,1.973
SAMN41143898,PRJNA1106565,s385,12M,infant,364.0,,US,healthy_control,,,,no,,primary,1.0,2.386
SAMN41143559,PRJNA1106565,s385,24M,infant,732.0,,US,healthy_control,,,,no,,primary,1.0,1.85
SAMN41143896,PRJNA1106565,s386,4M,infant,120.0,,US,healthy_control,,,,no,,primary,1.0,1.927
SAMN41143895,PRJNA1106565,s388,12M,infant,362.0,,US,healthy_control,,,,no,,primary,1.0,1.663
SAMN41143560,PRJNA1106565,s388,24M,infant,735.0,,US,healthy_control,,,,no,,primary,1.0,0.376
SAMN41143894,PRJNA1106565,s388,4M,infant,119.0,,US,healthy_control,,,,no,,primary,1.0,1.9
SAMN41143561,PRJNA1106565,s389,24M,infant,738.0,,US,healthy_control,,,,yes,,primary,1.0,3.02
SAMN41143905,PRJNA1106565,s395,12M,infant,366.0,,US,healthy_control,,,,no,,primary,1.0,2.807
SAMN41143562,PRJNA1106565,s395,24M,infant,730.0,,US,healthy_control,,,,yes,,primary,1.0,2.218
SAMN41143903,PRJNA1106565,s396,12M,infant,365.0,,US,healthy_control,,,,yes,,primary,1.0,2.016
SAMN41143563,PRJNA1106565,s396,24M,infant,729.0,,US,healthy_control,,,,yes,,primary,1.0,2.138
SAMN41143899,PRJNA1106565,s398,12M,infant,364.0,,US,healthy_control,,,,yes,,primary,1.0,1.603
SAMN41143564,PRJNA1106565,s398,24M,infant,731.0,,US,healthy_control,,,,yes,,primary,1.0,2.122
SAMN41143910,PRJNA1106565,s400,12M,infant,365.0,,US,healthy_control,,,,no,,primary,1.0,2.757
SAMN41143565,PRJNA1106565,s400,24M,infant,729.0,,US,healthy_control,,,,no,,primary,1.0,1.066
SAMN41143909,PRJNA1106565,s400,4M,infant,135.0,,US,healthy_control,,,,no,,primary,1.0,1.982
SAMN41143904,PRJNA1106565,s406,4M,infant,120.0,,US,healthy_control,,,,no,,primary,1.0,1.581
SAMN41143908,PRJNA1106565,s411,12M,infant,385.0,,US,healthy_control,,,,no,,primary,1.0,2.58
SAMN41143566,PRJNA1106565,s411,24M,infant,732.0,,US,healthy_control,,,,no,,primary,1.0,2.327
SAMN41143907,PRJNA1106565,s411,4M,infant,117.0,,US,healthy_control,,,,no,,primary,1.0,1.767
SAMN41143918,PRJNA1106565,s414,12M,infant,363.0,,US,healthy_control,,,,yes,,primary,1.0,2.917
SAMN41143567,PRJNA1106565,s414,24M,infant,725.0,,US,healthy_control,,,,yes,,primary,1.0,2.21
SAMN41143917,PRJNA1106565,s414,4M,infant,123.0,,US,healthy_control,,,,no,,primary,1.0,2.699
SAMN41143902,PRJNA1106565,s418,12M,infant,366.0,,US,healthy_control,,,,no,,primary,1.0,2.068
SAMN41143568,PRJNA1106565,s418,24M,infant,732.0,,US,healthy_control,,,,no,,primary,1.0,2.819
SAMN41143901,PRJNA1106565,s418,4M,infant,121.0,,US,healthy_control,,,,no,,primary,1.0,1.988
SAMN41143915,PRJNA1106565,s421,12M,infant,360.0,,US,healthy_control,,,,no,,primary,1.0,2.715
SAMN41143569,PRJNA1106565,s421,24M,infant,804.0,,US,healthy_control,,,,yes,,primary,1.0,2.629
SAMN41143914,PRJNA1106565,s421,4M,infant,122.0,,US,healthy_control,,,,no,,primary,1.0,1.854
SAMN41143906,PRJNA1106565,s422,4M,infant,120.0,,US,healthy_control,,,,no,,primary,1.0,1.895
SAMN41143913,PRJNA1106565,s424,12M,infant,362.0,,US,healthy_control,,,,no,,primary,1.0,2.655
SAMN41143570,PRJNA1106565,s424,24M,infant,726.0,,US,healthy_control,,,,no,,primary,1.0,2.089
SAMN41143912,PRJNA1106565,s424,4M,infant,122.0,,US,healthy_control,,,,no,,primary,1.0,1.959
SAMN41143922,PRJNA1106565,s426,12M,infant,364.0,,US,healthy_control,,,,yes,,primary,1.0,2.579
SAMN41143571,PRJNA1106565,s426,24M,infant,770.0,,US,healthy_control,,,,yes,,primary,1.0,2.518
SAMN41143921,PRJNA1106565,s426,4M,infant,120.0,,US,healthy_control,,,,yes,,primary,1.0,2.052
SAMN41143920,PRJNA1106565,s427,12M,infant,375.0,,US,healthy_control,,,,no,,primary,1.0,2.675
SAMN41143572,PRJNA1106565,s427,24M,infant,727.0,,US,healthy_control,,,,yes,,primary,1.0,2.297
SAMN41143919,PRJNA1106565,s427,4M,infant,117.0,,US,healthy_control,,,,no,,primary,1.0,1.937
SAMN41144121,PRJNA1106565,s427,SS2_B,infant,469.0,,US,healthy_control,,,,,,primary,1.0,2.375
SAMN41144122,PRJNA1106565,s427,SS2_WK1,infant,475.0,,US,healthy_control,,,,,,primary,1.0,1.779
SAMN41144123,PRJNA1106565,s427,SS2_WK2,infant,482.0,,US,healthy_control,,,,,,primary,1.0,2.22
SAMN41144124,PRJNA1106565,s427,SS2_WK3,infant,495.0,,US,healthy_control,,,,,,primary,1.0,2.481
SAMN41143911,PRJNA1106565,s429,4M,infant,122.0,,US,healthy_control,,,,no,,primary,1.0,2.202
SAMN41143573,PRJNA1106565,s602,12M,infant,360.0,,US,healthy_control,,,,yes,,primary,1.0,2.381
SAMN41143574,PRJNA1106565,s602,24M,infant,727.0,,US,healthy_control,,,,yes,,primary,1.0,2.277
SAMN41143575,PRJNA1106565,s602,4M,infant,118.0,,US,healthy_control,,,,no,,primary,1.0,2.027
SAMN41143576,PRJNA1106565,s605,12M,infant,361.0,,US,healthy_control,,,,yes,,primary,1.0,2.196
SAMN41143577,PRJNA1106565,s605,4M,infant,124.0,,US,healthy_control,,,,yes,,primary,1.0,0.8
SAMN41143578,PRJNA1106565,s607,12M,infant,363.0,,US,healthy_control,,,,no,,primary,1.0,2.424
SAMN41143579,PRJNA1106565,s607,24M,infant,726.0,,US,healthy_control,,,,yes,,primary,1.0,2.326
SAMN41143580,PRJNA1106565,s607,4M,infant,119.0,,US,healthy_control,,,,no,,primary,1.0,2.445
SAMN41144125,PRJNA1106565,s607,SS2_B,infant,370.0,,US,healthy_control,,,,,,primary,1.0,2.183
SAMN41144126,PRJNA1106565,s607,SS2_WK1,infant,377.0,,US,healthy_control,,,,,,primary,1.0,2.153
SAMN41144127,PRJNA1106565,s607,SS2_WK2,infant,383.0,,US,healthy_control,,,,,,primary,1.0,2.088
SAMN41144128,PRJNA1106565,s607,SS2_WK3,infant,390.0,,US,healthy_control,,,,,,primary,1.0,2.317
SAMN41143581,PRJNA1106565,s610,12M,infant,363.0,,US,healthy_control,,,,no,,primary,1.0,1.054
SAMN41143582,PRJNA1106565,s610,4M,infant,121.0,,US,healthy_control,,,,no,,primary,1.0,2.331
SAMN41143583,PRJNA1106565,s611,12M,infant,365.0,,US,healthy_control,,,,no,,primary,1.0,2.348
SAMN41143584,PRJNA1106565,s611,24M,infant,722.0,,US,healthy_control,,,,no,,primary,1.0,2.159
SAMN41143585,PRJNA1106565,s611,4M,infant,121.0,,US,healthy_control,,,,no,,primary,1.0,2.087
SAMN41143586,PRJNA1106565,s614,12M,infant,372.0,,US,healthy_control,,,,no,,primary,1.0,2.075
SAMN41143587,PRJNA1106565,s614,24M,infant,732.0,,US,healthy_control,,,,yes,,primary,1.0,2.133
SAMN41143588,PRJNA1106565,s614,4M,infant,120.0,,US,healthy_control,,,,no,,primary,1.0,2.101
SAMN41143589,PRJNA1106565,s616,12M,infant,363.0,,US,healthy_control,,,,no,,primary,1.0,2.277
SAMN41143590,PRJNA1106565,s616,24M,infant,728.0,,US,healthy_control,,,,no,,primary,1.0,1.815
SAMN41143591,PRJNA1106565,s616,4M,infant,122.0,,US,healthy_control,,,,no,,primary,1.0,2.232
SAMN41143592,PRJNA1106565,s622,4M,infant,122.0,,US,healthy_control,,,,no,,primary,1.0,2.044
SAMN41143593,PRJNA1106565,s626,12M,infant,369.0,,US,healthy_control,,,,yes,,primary,1.0,1.787
SAMN41143594,PRJNA1106565,s626,4M,infant,122.0,,US,healthy_control,,,,yes,,primary,1.0,1.812
SAMN41143595,PRJNA1106565,s628,12M,infant,368.0,,US,healthy_control,,,,no,,primary,1.0,1.822
SAMN41143596,PRJNA1106565,s628,24M,infant,731.0,,US,healthy_control,,,,yes,,primary,1.0,2.33
SAMN41143597,PRJNA1106565,s628,4M,infant,121.0,,US,healthy_control,,,,no,,primary,1.0,1.202
SAMN41144129,PRJNA1106565,s628,SS2_B,infant,374.0,,US,healthy_control,,,,,,primary,1.0,1.967
SAMN41144130,PRJNA1106565,s628,SS2_WK1,infant,379.0,,US,healthy_control,,,,,,primary,1.0,2.464
SAMN41144131,PRJNA1106565,s628,SS2_WK2,infant,386.0,,US,healthy_control,,,,,,primary,1.0,2.419
SAMN41144132,PRJNA1106565,s628,SS2_WK3,infant,393.0,,US,healthy_control,,,,,,primary,1.0,2.012
SAMN41143598,PRJNA1106565,s631,12M,infant,366.0,,US,healthy_control,,,,no,,primary,1.0,2.404
SAMN41143599,PRJNA1106565,s631,24M,infant,730.0,,US,healthy_control,,,,yes,,primary,1.0,2.195
SAMN41143600,PRJNA1106565,s634,12M,infant,361.0,,US,healthy_control,,,,no,,primary,1.0,2.099
SAMN41143601,PRJNA1106565,s634,24M,infant,739.0,,US,healthy_control,,,,no,,primary,1.0,2.728
SAMN41143602,PRJNA1106565,s634,4M,infant,124.0,,US,healthy_control,,,,no,,primary,1.0,1.918
SAMN41143603,PRJNA1106565,s635,24M,infant,729.0,,US,healthy_control,,,,yes,,primary,1.0,2.171
SAMN41143604,PRJNA1106565,s635,4M,infant,119.0,,US,healthy_control,,,,no,,primary,1.0,2.298
SAMN41144133,PRJNA1106565,s635,SS2_B,infant,182.0,,US,healthy_control,,,,,,primary,1.0,2.147
SAMN41144134,PRJNA1106565,s635,SS2_WK1,infant,188.0,,US,healthy_control,,,,,,primary,1.0,2.734
SAMN41144135,PRJNA1106565,s635,SS2_WK2,infant,193.0,,US,healthy_control,,,,,,primary,1.0,2.196
SAMN41144136,PRJNA1106565,s635,SS2_WK3,infant,227.0,,US,healthy_control,,,,,,primary,1.0,2.254
SAMN41143605,PRJNA1106565,s639,24M,infant,730.0,,US,healthy_control,,,,no,,primary,1.0,2.526
SAMN41143606,PRJNA1106565,s639,4M,infant,124.0,,US,healthy_control,,,,no,,primary,1.0,1.956
SAMN41143607,PRJNA1106565,s642,24M,infant,729.0,,US,healthy_control,,,,yes,,primary,1.0,2.302
SAMN41143608,PRJNA1106565,s642,4M,infant,122.0,,US,healthy_control,,,,no,,primary,1.0,3.083
SAMN41143609,PRJNA1106565,s644,12M,infant,370.0,,US,healthy_control,,,,yes,,primary,1.0,1.747
SAMN41143610,PRJNA1106565,s644,24M,infant,743.0,,US,healthy_control,,,,yes,,primary,1.0,2.553
SAMN41143611,PRJNA1106565,s644,4M,infant,120.0,,US,healthy_control,,,,yes,,primary,1.0,2.579
SAMN41143612,PRJNA1106565,s645,4M,infant,127.0,,US,healthy_control,,,,no,,primary,1.0,2.477
SAMN41143613,PRJNA1106565,s648,12M,infant,368.0,,US,healthy_control,,,,no,,primary,1.0,2.237
SAMN41143614,PRJNA1106565,s648,24M,infant,742.0,,US,healthy_control,,,,no,,primary,1.0,2.067
SAMN41143615,PRJNA1106565,s648,4M,infant,124.0,,US,healthy_control,,,,no,,primary,1.0,2.088
SAMN41143616,PRJNA1106565,s649,24M,infant,731.0,,US,healthy_control,,,,yes,,primary,1.0,2.623
SAMN41143617,PRJNA1106565,s649,4M,infant,121.0,,US,healthy_control,,,,yes,,primary,1.0,2.303
SAMN41143618,PRJNA1106565,s650,12M,infant,363.0,,US,healthy_control,,,,no,,primary,1.0,1.822
SAMN41143619,PRJNA1106565,s650,24M,infant,731.0,,US,healthy_control,,,,no,,primary,1.0,2.572
SAMN41143620,PRJNA1106565,s650,4M,infant,118.0,,US,healthy_control,,,,no,,primary,1.0,2.008
SAMN41143621,PRJNA1106565,s651,12M,infant,364.0,,US,healthy_control,,,,no,,primary,1.0,2.191
SAMN41143622,PRJNA1106565,s651,24M,infant,728.0,,US,healthy_control,,,,no,,primary,1.0,1.232
SAMN41143623,PRJNA1106565,s651,4M,infant,124.0,,US,healthy_control,,,,no,,primary,1.0,1.985
SAMN41143624,PRJNA1106565,s653,12M,infant,366.0,,US,healthy_control,,,,no,,primary,1.0,2.075
SAMN41143625,PRJNA1106565,s653,24M,infant,737.0,,US,healthy_control,,,,no,,primary,1.0,2.268
SAMN41143626,PRJNA1106565,s653,4M,infant,118.0,,US,healthy_control,,,,no,,primary,1.0,2.252
SAMN41143627,PRJNA1106565,s655,24M,infant,713.0,,US,healthy_control,,,,no,,primary,1.0,2.569
SAMN41143628,PRJNA1106565,s655,4M,infant,123.0,,US,healthy_control,,,,no,,primary,1.0,2.314
SAMN41143629,PRJNA1106565,s657,12M,infant,363.0,,US,healthy_control,,,,no,,primary,1.0,2.045
SAMN41143630,PRJNA1106565,s657,24M,infant,734.0,,US,healthy_control,,,,yes,,primary,1.0,2.547
SAMN41143631,PRJNA1106565,s657,4M,infant,120.0,,US,healthy_control,,,,no,,primary,1.0,2.693
SAMN41143632,PRJNA1106565,s659,12M,infant,364.0,,US,healthy_control,,,,no,,primary,1.0,2.164
SAMN41143633,PRJNA1106565,s659,24M,infant,731.0,,US,healthy_control,,,,no,,primary,1.0,1.235
SAMN41143634,PRJNA1106565,s659,4M,infant,121.0,,US,healthy_control,,,,no,,primary,1.0,1.969
SAMN41143635,PRJNA1106565,s669,12M,infant,365.0,,US,healthy_control,,,,no,,primary,1.0,2.24
SAMN41143636,PRJNA1106565,s669,24M,infant,734.0,,US,healthy_control,,,,no,,primary,1.0,2.245
SAMN41143637,PRJNA1106565,s669,4M,infant,120.0,,US,healthy_control,,,,no,,primary,1.0,2.243
SAMN41143638,PRJNA1106565,s671,12M,infant,361.0,,US,healthy_control,,,,no,,primary,1.0,1.947
SAMN41143639,PRJNA1106565,s671,24M,infant,746.0,,US,healthy_control,,,,no,,primary,1.0,2.256
SAMN41143640,PRJNA1106565,s671,4M,infant,123.0,,US,healthy_control,,,,no,,primary,1.0,2.21
SAMN41143641,PRJNA1106565,s673,24M,infant,759.0,,US,healthy_control,,,,no,,primary,1.0,1.409
SAMN41143642,PRJNA1106565,s673,4M,infant,125.0,,US,healthy_control,,,,no,,primary,1.0,1.993
SAMN41143643,PRJNA1106565,s677,12M,infant,371.0,,US,healthy_control,,,,no,,primary,1.0,2.363
SAMN41143644,PRJNA1106565,s677,24M,infant,725.0,,US,healthy_control,,,,no,,primary,1.0,2.293
SAMN41143645,PRJNA1106565,s677,4M,infant,125.0,,US,healthy_control,,,,no,,primary,1.0,1.986
SAMN41143646,PRJNA1106565,s679,12M,infant,372.0,,US,healthy_control,,,,no,,primary,1.0,2.423
SAMN41143647,PRJNA1106565,s679,4M,infant,127.0,,US,healthy_control,,,,no,,primary,1.0,2.432
SAMN41143648,PRJNA1106565,s681,12M,infant,364.0,,US,healthy_control,,,,no,,primary,1.0,1.992
SAMN41143649,PRJNA1106565,s681,24M,infant,725.0,,US,healthy_control,,,,no,,primary,1.0,2.878
SAMN41143650,PRJNA1106565,s681,4M,infant,124.0,,US,healthy_control,,,,no,,primary,1.0,2.485
SAMN41143651,PRJNA1106565,s684,24M,infant,719.0,,US,healthy_control,,,,yes,,primary,1.0,1.989
SAMN41143652,PRJNA1106565,s684,4M,infant,124.0,,US,healthy_control,,,,yes,,primary,1.0,1.077
SAMN41143653,PRJNA1106565,s685,24M,infant,734.0,,US,healthy_control,,,,no,,primary,1.0,1.509
SAMN41143654,PRJNA1106565,s685,4M,infant,119.0,,US,healthy_control,,,,no,,primary,1.0,1.439
SAMN41143655,PRJNA1106565,s687,12M,infant,361.0,,US,healthy_control,,,,no,,primary,1.0,2.504
SAMN41143656,PRJNA1106565,s687,24M,infant,753.0,,US,healthy_control,,,,yes,,primary,1.0,0.357
SAMN41143657,PRJNA1106565,s687,4M,infant,120.0,,US,healthy_control,,,,no,,primary,1.0,2.346
SAMN41143658,PRJNA1106565,s692,12M,infant,365.0,,US,healthy_control,,,,no,,primary,1.0,2.151
SAMN41143659,PRJNA1106565,s692,24M,infant,734.0,,US,healthy_control,,,,no,,primary,1.0,2.29
SAMN41143660,PRJNA1106565,s692,4M,infant,123.0,,US,healthy_control,,,,no,,primary,1.0,1.97
SAMN41143661,PRJNA1106565,s693,24M,infant,755.0,,US,healthy_control,,,,no,,primary,1.0,1.602
SAMN41143662,PRJNA1106565,s693,4M,infant,118.0,,US,healthy_control,,,,no,,primary,1.0,1.952
SAMN41143663,PRJNA1106565,s701,24M,infant,725.0,,US,healthy_control,,,,no,,primary,1.0,1.579
SAMN41143664,PRJNA1106565,s701,4M,infant,126.0,,US,healthy_control,,,,no,,primary,1.0,2.027
SAMN41143665,PRJNA1106565,s702,12M,infant,367.0,,US,healthy_control,,,,no,,primary,1.0,1.322
SAMN41143666,PRJNA1106565,s702,4M,infant,129.0,,US,healthy_control,,,,no,,primary,1.0,1.533
SAMN41143667,PRJNA1106565,s703,12M,infant,373.0,,US,healthy_control,,,,no,,primary,1.0,2.504
SAMN41143668,PRJNA1106565,s703,24M,infant,732.0,,US,healthy_control,,,,yes,,primary,1.0,1.433
SAMN41143669,PRJNA1106565,s703,4M,infant,128.0,,US,healthy_control,,,,no,,primary,1.0,2.455
SAMN41143670,PRJNA1106565,s704,12M,infant,363.0,,US,healthy_control,,,,no,,primary,1.0,1.924
SAMN41143671,PRJNA1106565,s704,24M,infant,732.0,,US,healthy_control,,,,no,,primary,1.0,1.395
SAMN41143672,PRJNA1106565,s704,4M,infant,118.0,,US,healthy_control,,,,no,,primary,1.0,2.159
SAMN41143673,PRJNA1106565,s707,24M,infant,728.0,,US,healthy_control,,,,no,,primary,1.0,1.912
SAMN41143674,PRJNA1106565,s707,4M,infant,123.0,,US,healthy_control,,,,no,,primary,1.0,2.038
SAMN41143675,PRJNA1106565,s709,12M,infant,388.0,,US,healthy_control,,,,yes,,primary,1.0,1.934
SAMN41143676,PRJNA1106565,s709,24M,infant,766.0,,US,healthy_control,,,,yes,,primary,1.0,2.053
SAMN41143677,PRJNA1106565,s709,4M,infant,121.0,,US,healthy_control,,,,yes,,primary,1.0,2.364
SAMN41143678,PRJNA1106565,s714,24M,infant,765.0,,US,healthy_control,,,,no,,primary,1.0,2.102
SAMN41143679,PRJNA1106565,s714,4M,infant,124.0,,US,healthy_control,,,,no,,primary,1.0,2.363
SAMN41143680,PRJNA1106565,s718,12M,infant,367.0,,US,healthy_control,,,,no,,primary,1.0,2.409
SAMN41143681,PRJNA1106565,s718,24M,infant,730.0,,US,healthy_control,,,,no,,primary,1.0,2.023
SAMN41143682,PRJNA1106565,s718,4M,infant,126.0,,US,healthy_control,,,,no,,primary,1.0,2.45
SAMN41143683,PRJNA1106565,s719,12M,infant,362.0,,US,healthy_control,,,,no,,primary,1.0,2.404
SAMN41143684,PRJNA1106565,s719,4M,infant,127.0,,US,healthy_control,,,,no,,primary,1.0,2.252
SAMN41143685,PRJNA1106565,s722,24M,infant,728.0,,US,healthy_control,,,,no,,primary,1.0,2.348
SAMN41143686,PRJNA1106565,s722,4M,infant,123.0,,US,healthy_control,,,,no,,primary,1.0,2.36
SAMN41143687,PRJNA1106565,s725,12M,infant,366.0,,US,healthy_control,,,,no,,primary,1.0,2.312
SAMN41143688,PRJNA1106565,s725,24M,infant,729.0,,US,healthy_control,,,,no,,primary,1.0,2.763
SAMN41143689,PRJNA1106565,s725,4M,infant,121.0,,US,healthy_control,,,,no,,primary,1.0,1.407
SAMN41143741,PRJNA1106565,s731,12M,infant,363.0,,US,healthy_control,,,,no,,primary,1.0,2.926
SAMN41143690,PRJNA1106565,s731,4M,infant,128.0,,US,healthy_control,,,,no,,primary,1.0,2.529
SAMN41143691,PRJNA1106565,s732,24M,infant,723.0,,US,healthy_control,,,,no,,primary,1.0,2.643
SAMN41143692,PRJNA1106565,s732,4M,infant,119.0,,US,healthy_control,,,,no,,primary,1.0,1.82
SAMN41143693,PRJNA1106565,s734,12M,infant,376.0,,US,healthy_control,,,,no,,primary,1.0,2.488
SAMN41143694,PRJNA1106565,s734,24M,infant,750.0,,US,healthy_control,,,,no,,primary,1.0,2.256
SAMN41143695,PRJNA1106565,s735,12M,infant,352.0,,US,healthy_control,,,,no,,primary,1.0,2.599
SAMN41143696,PRJNA1106565,s735,24M,infant,731.0,,US,healthy_control,,,,no,,primary,1.0,1.92
SAMN41143697,PRJNA1106565,s735,4M,infant,122.0,,US,healthy_control,,,,no,,primary,1.0,2.061
SAMN41143698,PRJNA1106565,s739,12M,infant,359.0,,US,healthy_control,,,,no,,primary,1.0,1.954
SAMN41143699,PRJNA1106565,s739,4M,infant,124.0,,US,healthy_control,,,,no,,primary,1.0,1.77
SAMN41143700,PRJNA1106565,s740,12M,infant,364.0,,US,healthy_control,,,,no,,primary,1.0,2.146
SAMN41143701,PRJNA1106565,s740,24M,infant,733.0,,US,healthy_control,,,,no,,primary,1.0,2.974
SAMN41143702,PRJNA1106565,s740,4M,infant,130.0,,US,healthy_control,,,,no,,primary,1.0,1.633
SAMN41143703,PRJNA1106565,s741,12M,infant,372.0,,US,healthy_control,,,,yes,,primary,1.0,2.091
SAMN41143704,PRJNA1106565,s741,24M,infant,728.0,,US,healthy_control,,,,yes,,primary,1.0,1.965
SAMN41143705,PRJNA1106565,s741,4M,infant,120.0,,US,healthy_control,,,,no,,primary,1.0,1.862
SAMN41143706,PRJNA1106565,s743,12M,infant,377.0,,US,healthy_control,,,,no,,primary,1.0,2.616
SAMN41143707,PRJNA1106565,s743,24M,infant,742.0,,US,healthy_control,,,,yes,,primary,1.0,2.181
SAMN41143708,PRJNA1106565,s743,4M,infant,126.0,,US,healthy_control,,,,no,,primary,1.0,2.233
SAMN41143709,PRJNA1106565,s744,24M,infant,728.0,,US,healthy_control,,,,no,,primary,1.0,2.443
SAMN41143710,PRJNA1106565,s744,4M,infant,125.0,,US,healthy_control,,,,no,,primary,1.0,2.026
SAMN41143711,PRJNA1106565,s751,12M,infant,364.0,,US,healthy_control,,,,no,,primary,1.0,2.212
SAMN41143712,PRJNA1106565,s751,24M,infant,730.0,,US,healthy_control,,,,no,,primary,1.0,2.807
SAMN41143713,PRJNA1106565,s751,4M,infant,121.0,,US,healthy_control,,,,no,,primary,1.0,2.082
SAMN41143714,PRJNA1106565,s752,12M,infant,387.0,,US,healthy_control,,,,no,,primary,1.0,2.046
SAMN41143715,PRJNA1106565,s752,24M,infant,735.0,,US,healthy_control,,,,no,,primary,1.0,2.758
SAMN41143716,PRJNA1106565,s752,4M,infant,125.0,,US,healthy_control,,,,no,,primary,1.0,2.028
SAMN41143717,PRJNA1106565,s753,24M,infant,748.0,,US,healthy_control,,,,no,,primary,1.0,2.414
SAMN41143718,PRJNA1106565,s753,4M,infant,125.0,,US,healthy_control,,,,no,,primary,1.0,2.036
SAMN41143719,PRJNA1106565,s755,24M,infant,730.0,,US,healthy_control,,,,no,,primary,1.0,2.653
SAMN41143720,PRJNA1106565,s755,4M,infant,121.0,,US,healthy_control,,,,no,,primary,1.0,2.188
SAMN41143721,PRJNA1106565,s760,12M,infant,364.0,,US,healthy_control,,,,no,,primary,1.0,1.982
SAMN41143722,PRJNA1106565,s760,4M,infant,122.0,,US,healthy_control,,,,no,,primary,1.0,2.124
SAMN41143723,PRJNA1106565,s764,24M,infant,731.0,,US,healthy_control,,,,yes,,primary,1.0,2.515
SAMN41143724,PRJNA1106565,s764,4M,infant,127.0,,US,healthy_control,,,,no,,primary,1.0,2.096
SAMN41143725,PRJNA1106565,s766,12M,infant,363.0,,US,healthy_control,,,,no,,primary,1.0,1.937
SAMN41143726,PRJNA1106565,s766,24M,infant,732.0,,US,healthy_control,,,,yes,,primary,1.0,2.46
SAMN41143727,PRJNA1106565,s766,4M,infant,123.0,,US,healthy_control,,,,no,,primary,1.0,2.283
SAMN41143728,PRJNA1106565,s768,24M,infant,733.0,,US,healthy_control,,,,no,,primary,1.0,2.192
SAMN41143729,PRJNA1106565,s768,4M,infant,122.0,,US,healthy_control,,,,no,,primary,1.0,1.739
SAMN41143730,PRJNA1106565,s775,12M,infant,366.0,,US,healthy_control,,,,no,,primary,1.0,1.773
SAMN41143731,PRJNA1106565,s775,24M,infant,728.0,,US,healthy_control,,,,no,,primary,1.0,2.099
SAMN41143732,PRJNA1106565,s775,4M,infant,121.0,,US,healthy_control,,,,no,,primary,1.0,2.071
SAMN41143733,PRJNA1106565,s778,12M,infant,379.0,,US,healthy_control,,,,no,,primary,1.0,1.314
SAMN41143734,PRJNA1106565,s778,24M,infant,727.0,,US,healthy_control,,,,no,,primary,1.0,2.517
SAMN41143735,PRJNA1106565,s778,4M,infant,121.0,,US,healthy_control,,,,no,,primary,1.0,1.913
SAMN41143736,PRJNA1106565,s781,4M,infant,123.0,,US,healthy_control,,,,yes,,primary,1.0,1.674
SAMN41143737,PRJNA1106565,s782,24M,infant,736.0,,US,healthy_control,,,,yes,,primary,1.0,2.647
SAMN41143738,PRJNA1106565,s782,4M,infant,124.0,,US,healthy_control,,,,no,,primary,1.0,2.553
SAMN41143739,PRJNA1106565,s785,24M,infant,737.0,,US,healthy_control,,,,yes,,primary,1.0,2.066
SAMN41143740,PRJNA1106565,s785,4M,infant,121.0,,US,healthy_control,,,,no,,primary,1.0,0.171
