cohort_id,cohort_name,rule,n_studies,n_samples,study_accessions,paper_ids
PCFA365F25,"Gut micro-organisms associated with health, nutrition and dietary interventions.","shared paper, same submitting centre",4,33594,PRJEB75460|PRJEB75462|PRJEB75463|PRJEB75464,MED:41372407
PC3E7773C6,American Gut: an Open Platform for Citizen Science Microbiome Research.,shared own-data paper,2,8429,PRJEB11419|PRJEB13595,MED:29795809
PC8BB8A8C5,Variation in the metagenomic analysis of fecal microbiome composition calls for a standardized operating approach.,shared own-data paper,4,3148,PRJNA557323|PRJNA648796|PRJNA650244|PRJNA943687,MED:39475247
COH1259,HELMi Helsinki infant/family microbiome cohort,curated cohort record,2,3141,PRJEB52774|PRJEB70237,
PCD38CDE9F,Shotgun metagenomic mapping of saliva reveals insights into diversity and function of the oral microbiome in pregnancy.,"shared paper, same submitting centre",2,3048,PRJEB37731|PRJEB38528,MED:42203854
PC6EF8199D,High-resolution temporal profiling of the human gut microbiome reveals consistent and cascading alterations in response to dietary glycans.,"shared paper, same submitting centre",4,2971,PRJNA594393|PRJNA594610|PRJNA594613|PRJNA594620,MED:32620143
PCA2CE0BD2,"Strains, functions and dynamics in the expanded Human Microbiome Project.",shared own-data paper,2,2385,PRJNA275349|PRJNA48479,MED:28953883
PC6C5AF0B3,A microbiome-directed therapeutic food for children recovering from severe acute malnutrition.,shared own-data paper,2,2279,PRJEB63587|PRJNA1123170,MED:39356745
PC23997AE9,Contamination source modeling with SCRuB improves cancer phenotype prediction from microbiome data.,"shared paper, same submitting centre",2,2193,PRJEB40903|PRJEB50408,MED:36928429
PC8EEDC57A,Evidence of a causal and modifiable relationship between kidney function and circulating trimethylamine N-oxide.,shared own-data paper,4,1962,PRJEB37249|PRJEB38742|PRJEB41311|PRJEB46098,MED:33208748|MED:35017197|MED:35177860|MED:37730687|MED:41408736|MED:41786749|PPR:PPR1080318|PPR:PPR567893
PC8ADDAB0D,Cholesterol Metabolism by Uncultured Human Gut Bacteria Influences Host Cholesterol Level.,shared own-data paper,8,1917,PRJDB29360|PRJEB14084|PRJEB21528|PRJNA319574|PRJNA389280|PRJNA400072|PRJNA436359|PRJNA559861,MED:32544460|MED:36268225|MED:38351003|MED:40658318|MED:41980965
PCB0C53AB7,Fecal Butyrate and Deoxycholic Acid Concentrations Correlate With Mortality in Patients With Liver Disease.,shared own-data paper,6,1334,PRJNA1134172|PRJNA1184735|PRJNA838648|PRJNA842425|PRJNA845905|PRJNA912122,MED:37845315|MED:40574876|MED:42012958
PCBD1F1D0E,Impact of co-amoxiclav versus amoxicillin on the gastrointestinal microbiota in sub-Saharan children hospitalized with pneumonia.,shared own-data paper,2,1313,PRJEB90577|PRJNA1277853,MED:42168578
PC6B662CD4,Fungal Trans-kingdom Dynamics Linked to Responsiveness to Fecal Microbiota Transplantation (FMT) Therapy in Ulcerative Colitis.,"shared paper, same submitting centre",6,1282,PRJEB26357|PRJEB26472|PRJEB26473|PRJEB26474|PRJEB50699|PRJEB58035,MED:32298656|MED:39420033|MED:40952001
PC0AE02550,Multi-biome analysis identifies distinct gut microbial signatures and their crosstalk in ulcerative colitis and Crohn's disease.,"shared paper, same submitting centre",2,1214,PRJNA1169537|PRJNA832909,MED:39604394
PC22F6F435,Gut Mycobiota Dysbiosis Is Associated with Melanoma and Response to Anti-PD-1 Therapy.,"shared paper, same submitting centre",2,1087,PRJNA850529|PRJNA972625,MED:38315788
PCC578B58B,Early life microbial succession in the gut follows common patterns in humans across the globe.,shared own-data paper,3,1075,PRJEB77202|PRJNA1128723|PRJNA1413407,MED:39809768|PPR:PPR1220557
PC0891C78E,Compositional and functional differences of gut microbiome and metabolome inform pathogenesis of cholestatic liver disease.,"shared paper, same submitting centre",2,1048,PRJNA1425460|PRJNA1425466,MED:41975274
PCAA48D8B6,Alcohol-related liver disease disrupts bile acid homeostasis and gut microbial bile acid metabolism.,"shared paper, same submitting centre",4,1025,PRJEB76661|PRJEB76664|PRJEB76667|PRJEB76668,MED:41935631
COH0025,Benitez 2025 USA,curated cohort record,3,930,PRJNA1042647|PRJNA1106565|PRJNA1145027,
PC872D1D24,Comparison of phage and plasmid populations in the gut microbiota between Parkinson's disease patients and controls.,shared own-data paper,2,859,PRJEB59350|PRJNA834801,MED:40258842
PCEC05A34C,Microbial and Metabolic Gut Profiling across Seven Malignancies Identifies Fecal Faecalibacillus intestinalis and Formic Acid as Commonly Altered in Cancer Pati,shared own-data paper,4,800,PRJNA1001944|PRJNA1116523|PRJNA1125836|PRJNA885289,MED:39125593|MED:40732945
PC8253142A,&lt;i&gt;Fusobacterium&lt;/i&gt; species are distinctly associated with patients with Lynch syndrome colorectal cancer.,shared own-data paper,3,744,PRJDB17048|PRJDB4176|PRJNA939026,MED:38993678
PC853008D5,"Destination shapes antibiotic resistance gene acquisitions, abundance increases, and diversity changes in Dutch travelers.",shared own-data paper,2,724,PRJNA397112|PRJNA688274,MED:34092249
PCB75F70FF,"Microbial, functional, and virulence biomarkers associated with familial risk of Crohn's disease and ulcerative colitis.","shared paper, same submitting centre",2,709,PRJNA1146994|PRJNA1171764,MED:42277905
PC80A309A5,Risk assessment with gut microbiome and metabolite markers in NAFLD development.,shared own-data paper,4,696,PRJNA414688|PRJNA686835|PRJNA703757|PRJNA728908,MED:35675435
PCEE88CED3,Gut dysbiosis associates with cytokine production capacity in viral-suppressed people living with HIV.,"shared paper, same submitting centre",2,660,PRJNA820547|PRJNA942468,MED:37583444
COH0002,Stewart/Rose UK preterm infant cohort,curated cohort record,2,659,PRJEB15257|PRJEB39610,
PC53F1ED9E,Quantitative metagenomics reveals unique gut microbiome biomarkers in ankylosing spondylitis.,shared own-data paper,3,620,PRJEB6337|PRJNA353560|PRJNA375935,MED:28750650
PC5C212638,Conjugated C-6 hydroxylated bile acids in serum relate to human metabolic health and gut Clostridia species.,"shared paper, same submitting centre",2,552,PRJEB4336|PRJEB5224,MED:34168163
PC358DE082,Alteration of Gut Microbiome in Patients With Schizophrenia Indicates Links Between Bacterial Tyrosine Biosynthesis and Cognitive Dysfunction.,shared own-data paper,4,537,PRJEB41217|PRJEB41786|PRJEB41787|PRJEB51635,MED:36604748|MED:37124355
PCB45D4DEF,Dietary fiber and probiotics influence the gut microbiome and melanoma immunotherapy response.,shared own-data paper,4,526,PRJNA672867|PRJNA678737|PRJNA770295|PRJNA978931,MED:34941392|MED:38588588
PC3AA85ED6,"Dynamic change patterns of the human gut microbiota-fluctuation, loss-acquisition, and turnover-and their underlying causes.",shared own-data paper,2,516,PRJNA1116923|PRJNA1215598,MED:41971531
COH0024,MILK study,curated cohort record,2,507,PRJNA1019702|PRJNA1198101,
PCAAE9BDF6,Age-dependent changes in the gut microbiota and serum metabolome correlate with renal function and human aging.,shared own-data paper,2,481,PRJNA542578|PRJNA675598,MED:38015106
PCB206D964,Commensal-pathogen dynamics structure disease outcomes during Clostridioides difficile colonization.,shared own-data paper,3,477,PRJNA1067813|PRJNA664754|PRJNA748262,MED:39731916
PC911E0B92,&lt;i&gt;L&lt;/i&gt; &lt;i&gt;actococcus A&lt;/i&gt; phages predict ACLF while &lt;i&gt;Enterococcus B&lt;/i&gt; phages predict bacterial infection in decompens,shared own-data paper,2,475,PRJEB89898|PRJEB89899,MED:41438339
PC40A2CA2A,Two stable gut microbiome guilds predict liver tumor class and treatment responses.,shared own-data paper,4,419,PRJNA1142390|PRJNA1372070|PRJNA1372073|PRJNA932948,MED:42099457
PC229809B3,Data integration for prediction of weight loss in randomized controlled dietary trials.,"shared paper, same submitting centre",2,393,PRJNA395744|PRJNA491335,MED:33208769|MED:41730870
PC603FA30F,Drivers and determinants of strain dynamics following fecal microbiota transplantation.,shared own-data paper,5,379,PRJEB12357|PRJEB46777|PRJEB46778|PRJEB46779|PRJEB46780,27126044|MED:36109636
PCD42C09F3,Lifetime existence of a core of mutualistic symbionts and functionally uncoupled taxa in the gut of a Mediterranean cohort.,"shared paper, same submitting centre",2,363,PRJEB39661|PRJEB62571,MED:41513932
COH0169,Seong 2025 South Korea AD infant cohort,curated cohort record,2,351,PRJEB45443|PRJNA979436,
COH0031,MAMI,curated cohort record,2,328,PRJEB74322|PRJNA1227883,
PCC8729007,A faecal microbiota signature with high specificity for pancreatic cancer.,"shared paper, same submitting centre",2,320,PRJEB38625|PRJEB42013,MED:35260444|MED:38450156
PC1C11AE3F,Perturbation and resilience of the gut microbiome up to 3 months after β-lactams exposure in healthy volunteers suggest an important role of microbial β-lactama,shared own-data paper,2,299,PRJEB58157|PRJEB58815,MED:38468305
PC31C440DD,Contributions of Human-Associated Archaeal Metabolites to Tumor Microenvironment and Carcinogenesis.,"shared paper, same submitting centre",2,284,PRJEB10878|PRJEB7774,MED:35225671|MED:40973961
PC771EC102,Alterations in the gut virome in patients with ankylosing spondylitis.,"shared paper, same submitting centre",2,284,PRJEB28545|PRJEB29373,MED:37063855
PC4C98A4D5,Microbial collagenase activity is linked to oral-gut translocation in advanced chronic liver disease.,shared own-data paper,2,259,PRJEB52891|PRJNA1307628,MED:41461922
PC1299FA0E,A Previously Undescribed Highly Prevalent Phage Identified in a Danish Enteric Virome Catalog.,"shared paper, same submitting centre",2,254,PRJNA722819|PRJNA723467,MED:34665009
PC4F054A8F,Multi-omics analyses of the ulcerative colitis gut microbiome link Bacteroides vulgatus proteases with disease severity.,shared own-data paper,2,250,PRJEB42151|PRJEB42155,MED:35087228
PC82E2E8BF,Long-term beneficial effect of faecal microbiota transplantation on colonisation of multidrug-resistant bacteria and resistome abundance in patients with recurr,"shared paper, same submitting centre",2,239,PRJEB44737|PRJEB64621,MED:38419010
PCD94A585E,A metagenomic study of the gut microbiome in Behcet's disease.,"shared paper, same submitting centre",2,226,PRJNA356225|PRJNA431482,MED:30077182
PC29EB869A,Metagenomic analysis of colorectal cancer datasets identifies cross-cohort microbial diagnostic signatures and a link with choline degradation.,shared own-data paper,2,222,PRJEB27928|PRJNA447983,MED:30936548
PCE1B28694,Recovery of the gut microbiome following enteric infection and persistence of antimicrobial resistance genes in specific microbial hosts.,shared own-data paper,2,221,PRJNA660443|PRJNA862908,MED:37726374|MED:38779558
COH0009,Brown 2018 USA,curated cohort record,2,218,PRJNA273761|PRJNA294605,
PC947CCD1D,Fecal microbiota transplantation from a healthy pouch donor for chronic pouchitis: a proof-of-concept study.,"shared paper, same submitting centre",2,218,PRJEB66493|PRJEB80556,MED:40413728
PC9CF56EE2,Structure of the Mucosal and Stool Microbiome in Lynch Syndrome.,shared own-data paper,2,218,PRJNA526861|PRJNA699934,MED:32240601
PC2D75A65D,BIOME-Preserve: A novel storage and transport medium for preserving anaerobic microbiota samples for culture recovery.,"shared paper, same submitting centre",2,217,PRJEB40933|PRJEB45653,MED:35061732
PC993EFD38,Human gut microbiota community structures in urban and rural populations in Russia.,shared own-data paper,2,217,PRJNA176385|PRJNA243613,MED:24036685
PC44DA07BB,Characterization of Antibiotic Administration Factors Associated with Microbiome Disruption and Subsequent Antibiotic-Resistant Infection and Colonization Event,"shared paper, same submitting centre",2,212,PRJNA1128111|PRJNA1129514,MED:40867965|MED:40918253|MED:41909910
PC0E2F88BF,Metagenomic analyses of 7000 to 5500 years old coprolites excavated from the Torihama shell-mound site in the Japanese archipelago.,shared own-data paper,2,200,PRJDB15258|PRJEB13870,MED:38265980
PC90AC732B,The NUTRIENT Trial (NUTRitional Intervention among myEloproliferative Neoplasms): Results from a Randomized Phase I Pilot Study for Feasibility and Adherence.,"shared paper, same submitting centre",2,189,PRJNA647720|PRJNA918651,MED:38391189
PC1B96BD6F,Surgical Treatment for Colorectal Cancer Partially Restores Gut Microbiome and Metabolome Traits.,shared own-data paper,2,182,PRJDB10829|PRJEB8347,MED:35311577
PC4380F38E,The gut metagenome harbors metabolic and antibiotic resistance signatures of moderate-to-severe asthma.,shared own-data paper,2,173,PRJEB56741|PRJEB59709,MED:38560624
PC2B20A1FF,A conserved pilin from uncultured gut bacterial clade TANB77 enhances cancer immunotherapy.,"shared paper, same submitting centre",3,159,PRJNA1130699|PRJNA678426|PRJNA771940,MED:39730328
PCDAD91996,"Invertible promoters mediate bacterial phase variation, antibiotic resistance, and host adaptation in the gut.","shared paper, same submitting centre",2,158,PRJNA474024|PRJNA503484,MED:30630933
PC4B23511B,Clinical Impact of Microbiome Characteristics in Treatment-Naïve Extranodal NK/T-Cell Lymphoma Patients.,"shared paper, same submitting centre",2,149,PRJNA1043252|PRJNA928211,MED:39164084
PC0B1F1273,Antibiotic and antifungal use in pediatric leukemia and lymphoma patients are associated with increasing opportunistic pathogens and decreasing bacteria respons,shared own-data paper,3,125,PRJEB29237|PRJEB41463|PRJEB53954,MED:35967843|MED:36909730
PC9E76D6ED,Host-diet-gut microbiome interactions influence human energy balance: a randomized clinical trial.,"shared paper, same submitting centre",2,125,PRJNA913183|PRJNA947193,MED:37258525|MED:40403748
PC5EE030E3,Anxiety associated with dietary intake and gut microbiome features in a cross-sectional cohort of sub-clinically anxious young women,shared own-data paper,2,123,PRJEB105368|PRJEB112777,PPR:PPR1267332
COH0039,Kim 2022 South Korea,curated cohort record,2,116,PRJEB33013|PRJEB55713,
PCF19105E6,Gut microbiota and metabolic changes in children with idiopathic short stature.,shared own-data paper,2,111,PRJNA808649|PRJNA941095,MED:39039462
PC292C0A5B,A plasmid network from the gut microbiome of semi-isolated human groups reveals unique and shared metabolic and virulence traits.,shared own-data paper,3,110,PRJEB27005|PRJNA278393|PRJNA527208,MED:30726303|MED:35840779
COH2292,Peru Loreto LMIC infant stool cohort,curated cohort record,2,97,PRJNA834762|PRJNA837236,
PCD9E9C7D2,Association between seizure reduction during ketogenic diet treatment of epilepsy and changes in circulatory metabolites and gut microbiota composition.,"shared paper, same submitting centre",2,94,PRJEB28847|PRJEB49521,MED:35598439|MED:39500011
PC652EB156,Gut microbial determinants of clinically important improvement in patients with rheumatoid arthritis.,"shared paper, same submitting centre",2,81,PRJNA598446|PRJNA687957,MED:34517888
PCEA0988C4,Bifidobacterium- and Escherichia-dominant ecological guilds shape altered microbial metabolic capacity of the gut microbiome in tuberculosis patients.,shared own-data paper,2,80,PRJNA1061168|PRJNA1366497,MED:42553090
PC5917AE39,Segmented filamentous bacteria are worldwide human gut commensals.,shared own-data paper,3,73,PRJNA1106451|PRJNA237362|PRJNA506262,MED:41786702
PCA62A3345,Potential biomarkers for human Ascending aortic aneurysm identified through metagenomic and metabolomic analyses: A case-control study.,"shared paper, same submitting centre",4,72,PRJNA1345173|PRJNA1345175|PRJNA1345176|PRJNA1345179,MED:41429339
COH0302,Dalhousie pediatric leukemia/lymphoma gut microbiome cohort,curated cohort record,2,69,PRJEB46214|PRJEB59728,MED:35967843|MED:36909730
PCD24C3538,Identification of Intestinal Microbial Community in Gallstone Patients with Metagenomic Next-Generation Sequencing.,shared own-data paper,2,63,PRJNA961998|PRJNA999028,MED:37627971
PC175C9147,Glucuronidation metabolomic fingerprinting to map host-microbe metabolism.,"shared paper, same submitting centre",2,49,PRJNA1173239|PRJNA1379156,MED:42161945
PC5609EFEE,Comparison of gut viral communities between autism spectrum disorder and healthy children.,shared own-data paper,2,44,PRJDB38518|PRJNA1322369,MED:41163852
PC4634A33C,Distinct characteristics of the gut virome in patients with osteoarthritis and gouty arthritis.,"shared paper, same submitting centre",2,36,PRJEB52499|PRJEB58696,MED:38872164
COH0046,Reyman 2022 Netherlands,curated cohort record,2,32,PRJNA613032|PRJNA613054,
PCAE7A4E0D,Investigating the Human Intestinal DNA Virome and Predicting Disease-Associated Virus-Host Interactions in Severe Myalgic Encephalomyelitis/Chronic Fatigue Synd,"shared paper, same submitting centre",2,32,PRJEB57952|PRJEB57953,MED:38139096
PCA393BFC8,Uncovering the relationship between the human ocular surface microbiome and gut microbiome.,"shared paper, same submitting centre",2,21,PRJEB74773|PRJEB74776,MED:41781852
PC6401D18E,Baseline human gut microbiota profile in healthy people and standard reporting template.,"shared paper, same submitting centre",2,19,PRJNA428202|PRJNA487305,MED:31509535
PC20D9D81E,Culture-based characterization of gut microbiota in inflammatory bowel disease.,"shared paper, same submitting centre",2,11,PRJNA975689|PRJNA975692,MED:40051478
PCE980011B,HiFi metagenomic sequencing enables assembly of accurate and complete genomes from human gut microbiota.,shared own-data paper,2,5,PRJNA750084|PRJNA798244,MED:36289209
